-- begin_signature
-- scratch
-- end_signature
WIDTH=16;
DEPTH=5000;

ADDRESS_RADIX=UNS;
DATA_RADIX=BIN;

CONTENT BEGIN
	4999 :	XXXXXXXXXXXXXXXX;
	4998 :	0001001110000110;
	4997 :	0001001110000101;
	4996 :	0001001110000100;
	4995 :	0001001110000011;
	4994 :	0001001110000010;
	4993 :	0001001110000001;
	4992 :	0001001110000000;
	4991 :	0001001101111111;
	4990 :	0001001101111110;
	4989 :	0001001101111101;
	4988 :	0001001101111100;
	4987 :	0001001101111011;
	4986 :	0001001101111010;
	4985 :	0001001101111001;
	4984 :	0001001101111000;
	4983 :	0001001101110111;
	4982 :	0001001101110110;
	4981 :	0001001101110101;
	4980 :	0001001101110100;
	4979 :	0001001101110011;
	4978 :	0001001101110010;
	4977 :	0001001101110001;
	4976 :	0001001101110000;
	4975 :	0001001101101111;
	4974 :	0001001101101110;
	4973 :	0001001101101101;
	4972 :	0001001101101100;
	4971 :	0001001101101011;
	4970 :	0001001101101010;
	4969 :	0001001101101001;
	4968 :	0001001101101000;
	4967 :	0001001101100111;
	4966 :	0001001101100110;
	4965 :	0001001101100101;
	4964 :	0001001101100100;
	4963 :	0001001101100011;
	4962 :	0001001101100010;
	4961 :	0001001101100001;
	4960 :	0001001101100000;
	4959 :	0001001101011111;
	4958 :	0001001101011110;
	4957 :	0001001101011101;
	4956 :	0001001101011100;
	4955 :	0001001101011011;
	4954 :	0001001101011010;
	4953 :	0001001101011001;
	4952 :	0001001101011000;
	4951 :	0001001101010111;
	4950 :	0001001101010110;
	4949 :	0001001101010101;
	4948 :	0001001101010100;
	4947 :	0001001101010011;
	4946 :	0001001101010010;
	4945 :	0001001101010001;
	4944 :	0001001101010000;
	4943 :	0001001101001111;
	4942 :	0001001101001110;
	4941 :	0001001101001101;
	4940 :	0001001101001100;
	4939 :	0001001101001011;
	4938 :	0001001101001010;
	4937 :	0001001101001001;
	4936 :	0001001101001000;
	4935 :	0001001101000111;
	4934 :	0001001101000110;
	4933 :	0001001101000101;
	4932 :	0001001101000100;
	4931 :	0001001101000011;
	4930 :	0001001101000010;
	4929 :	0001001101000001;
	4928 :	0001001101000000;
	4927 :	0001001100111111;
	4926 :	0001001100111110;
	4925 :	0001001100111101;
	4924 :	0001001100111100;
	4923 :	0001001100111011;
	4922 :	0001001100111010;
	4921 :	0001001100111001;
	4920 :	0001001100111000;
	4919 :	0001001100110111;
	4918 :	0001001100110110;
	4917 :	0001001100110101;
	4916 :	0001001100110100;
	4915 :	0001001100110011;
	4914 :	0001001100110010;
	4913 :	0001001100110001;
	4912 :	0001001100110000;
	4911 :	0001001100101111;
	4910 :	0001001100101110;
	4909 :	0001001100101101;
	4908 :	0001001100101100;
	4907 :	0001001100101011;
	4906 :	0001001100101010;
	4905 :	0001001100101001;
	4904 :	0001001100101000;
	4903 :	0001001100100111;
	4902 :	0001001100100110;
	4901 :	0001001100100101;
	4900 :	0001001100100100;
	4899 :	0001001100100011;
	4898 :	0001001100100010;
	4897 :	0001001100100001;
	4896 :	0001001100100000;
	4895 :	0001001100011111;
	4894 :	0001001100011110;
	4893 :	0001001100011101;
	4892 :	0001001100011100;
	4891 :	0001001100011011;
	4890 :	0001001100011010;
	4889 :	0001001100011001;
	4888 :	0001001100011000;
	4887 :	0001001100010111;
	4886 :	0001001100010110;
	4885 :	0001001100010101;
	4884 :	0001001100010100;
	4883 :	0001001100010011;
	4882 :	0001001100010010;
	4881 :	0001001100010001;
	4880 :	0001001100010000;
	4879 :	0001001100001111;
	4878 :	0001001100001110;
	4877 :	0001001100001101;
	4876 :	0001001100001100;
	4875 :	0001001100001011;
	4874 :	0001001100001010;
	4873 :	0001001100001001;
	4872 :	0001001100001000;
	4871 :	0001001100000111;
	4870 :	0001001100000110;
	4869 :	0001001100000101;
	4868 :	0001001100000100;
	4867 :	0001001100000011;
	4866 :	0001001100000010;
	4865 :	0001001100000001;
	4864 :	0001001100000000;
	4863 :	0001001011111111;
	4862 :	0001001011111110;
	4861 :	0001001011111101;
	4860 :	0001001011111100;
	4859 :	0001001011111011;
	4858 :	0001001011111010;
	4857 :	0001001011111001;
	4856 :	0001001011111000;
	4855 :	0001001011110111;
	4854 :	0001001011110110;
	4853 :	0001001011110101;
	4852 :	0001001011110100;
	4851 :	0001001011110011;
	4850 :	0001001011110010;
	4849 :	0001001011110001;
	4848 :	0001001011110000;
	4847 :	0001001011101111;
	4846 :	0001001011101110;
	4845 :	0001001011101101;
	4844 :	0001001011101100;
	4843 :	0001001011101011;
	4842 :	0001001011101010;
	4841 :	0001001011101001;
	4840 :	0001001011101000;
	4839 :	0001001011100111;
	4838 :	0001001011100110;
	4837 :	0001001011100101;
	4836 :	0001001011100100;
	4835 :	0001001011100011;
	4834 :	0001001011100010;
	4833 :	0001001011100001;
	4832 :	0001001011100000;
	4831 :	0001001011011111;
	4830 :	0001001011011110;
	4829 :	0001001011011101;
	4828 :	0001001011011100;
	4827 :	0001001011011011;
	4826 :	0001001011011010;
	4825 :	0001001011011001;
	4824 :	0001001011011000;
	4823 :	0001001011010111;
	4822 :	0001001011010110;
	4821 :	0001001011010101;
	4820 :	0001001011010100;
	4819 :	0001001011010011;
	4818 :	0001001011010010;
	4817 :	0001001011010001;
	4816 :	0001001011010000;
	4815 :	0001001011001111;
	4814 :	0001001011001110;
	4813 :	0001001011001101;
	4812 :	0001001011001100;
	4811 :	0001001011001011;
	4810 :	0001001011001010;
	4809 :	0001001011001001;
	4808 :	0001001011001000;
	4807 :	0001001011000111;
	4806 :	0001001011000110;
	4805 :	0001001011000101;
	4804 :	0001001011000100;
	4803 :	0001001011000011;
	4802 :	0001001011000010;
	4801 :	0001001011000001;
	4800 :	0001001011000000;
	4799 :	0001001010111111;
	4798 :	0001001010111110;
	4797 :	0001001010111101;
	4796 :	0001001010111100;
	4795 :	0001001010111011;
	4794 :	0001001010111010;
	4793 :	0001001010111001;
	4792 :	0001001010111000;
	4791 :	0001001010110111;
	4790 :	0001001010110110;
	4789 :	0001001010110101;
	4788 :	0001001010110100;
	4787 :	0001001010110011;
	4786 :	0001001010110010;
	4785 :	0001001010110001;
	4784 :	0001001010110000;
	4783 :	0001001010101111;
	4782 :	0001001010101110;
	4781 :	0001001010101101;
	4780 :	0001001010101100;
	4779 :	0001001010101011;
	4778 :	0001001010101010;
	4777 :	0001001010101001;
	4776 :	0001001010101000;
	4775 :	0001001010100111;
	4774 :	0001001010100110;
	4773 :	0001001010100101;
	4772 :	0001001010100100;
	4771 :	0001001010100011;
	4770 :	0001001010100010;
	4769 :	0001001010100001;
	4768 :	0001001010100000;
	4767 :	0001001010011111;
	4766 :	0001001010011110;
	4765 :	0001001010011101;
	4764 :	0001001010011100;
	4763 :	0001001010011011;
	4762 :	0001001010011010;
	4761 :	0001001010011001;
	4760 :	0001001010011000;
	4759 :	0001001010010111;
	4758 :	0001001010010110;
	4757 :	0001001010010101;
	4756 :	0001001010010100;
	4755 :	0001001010010011;
	4754 :	0001001010010010;
	4753 :	0001001010010001;
	4752 :	0001001010010000;
	4751 :	0001001010001111;
	4750 :	0001001010001110;
	4749 :	0001001010001101;
	4748 :	0001001010001100;
	4747 :	0001001010001011;
	4746 :	0001001010001010;
	4745 :	0001001010001001;
	4744 :	0001001010001000;
	4743 :	0001001010000111;
	4742 :	0001001010000110;
	4741 :	0001001010000101;
	4740 :	0001001010000100;
	4739 :	0001001010000011;
	4738 :	0001001010000010;
	4737 :	0001001010000001;
	4736 :	0001001010000000;
	4735 :	0001001001111111;
	4734 :	0001001001111110;
	4733 :	0001001001111101;
	4732 :	0001001001111100;
	4731 :	0001001001111011;
	4730 :	0001001001111010;
	4729 :	0001001001111001;
	4728 :	0001001001111000;
	4727 :	0001001001110111;
	4726 :	0001001001110110;
	4725 :	0001001001110101;
	4724 :	0001001001110100;
	4723 :	0001001001110011;
	4722 :	0001001001110010;
	4721 :	0001001001110001;
	4720 :	0001001001110000;
	4719 :	0001001001101111;
	4718 :	0001001001101110;
	4717 :	0001001001101101;
	4716 :	0001001001101100;
	4715 :	0001001001101011;
	4714 :	0001001001101010;
	4713 :	0001001001101001;
	4712 :	0001001001101000;
	4711 :	0001001001100111;
	4710 :	0001001001100110;
	4709 :	0001001001100101;
	4708 :	0001001001100100;
	4707 :	0001001001100011;
	4706 :	0001001001100010;
	4705 :	0001001001100001;
	4704 :	0001001001100000;
	4703 :	0001001001011111;
	4702 :	0001001001011110;
	4701 :	0001001001011101;
	4700 :	0001001001011100;
	4699 :	0001001001011011;
	4698 :	0001001001011010;
	4697 :	0001001001011001;
	4696 :	0001001001011000;
	4695 :	0001001001010111;
	4694 :	0001001001010110;
	4693 :	0001001001010101;
	4692 :	0001001001010100;
	4691 :	0001001001010011;
	4690 :	0001001001010010;
	4689 :	0001001001010001;
	4688 :	0001001001010000;
	4687 :	0001001001001111;
	4686 :	0001001001001110;
	4685 :	0001001001001101;
	4684 :	0001001001001100;
	4683 :	0001001001001011;
	4682 :	0001001001001010;
	4681 :	0001001001001001;
	4680 :	0001001001001000;
	4679 :	0001001001000111;
	4678 :	0001001001000110;
	4677 :	0001001001000101;
	4676 :	0001001001000100;
	4675 :	0001001001000011;
	4674 :	0001001001000010;
	4673 :	0001001001000001;
	4672 :	0001001001000000;
	4671 :	0001001000111111;
	4670 :	0001001000111110;
	4669 :	0001001000111101;
	4668 :	0001001000111100;
	4667 :	0001001000111011;
	4666 :	0001001000111010;
	4665 :	0001001000111001;
	4664 :	0001001000111000;
	4663 :	0001001000110111;
	4662 :	0001001000110110;
	4661 :	0001001000110101;
	4660 :	0001001000110100;
	4659 :	0001001000110011;
	4658 :	0001001000110010;
	4657 :	0001001000110001;
	4656 :	0001001000110000;
	4655 :	0001001000101111;
	4654 :	0001001000101110;
	4653 :	0001001000101101;
	4652 :	0001001000101100;
	4651 :	0001001000101011;
	4650 :	0001001000101010;
	4649 :	0001001000101001;
	4648 :	0001001000101000;
	4647 :	0001001000100111;
	4646 :	0001001000100110;
	4645 :	0001001000100101;
	4644 :	0001001000100100;
	4643 :	0001001000100011;
	4642 :	0001001000100010;
	4641 :	0001001000100001;
	4640 :	0001001000100000;
	4639 :	0001001000011111;
	4638 :	0001001000011110;
	4637 :	0001001000011101;
	4636 :	0001001000011100;
	4635 :	0001001000011011;
	4634 :	0001001000011010;
	4633 :	0001001000011001;
	4632 :	0001001000011000;
	4631 :	0001001000010111;
	4630 :	0001001000010110;
	4629 :	0001001000010101;
	4628 :	0001001000010100;
	4627 :	0001001000010011;
	4626 :	0001001000010010;
	4625 :	0001001000010001;
	4624 :	0001001000010000;
	4623 :	0001001000001111;
	4622 :	0001001000001110;
	4621 :	0001001000001101;
	4620 :	0001001000001100;
	4619 :	0001001000001011;
	4618 :	0001001000001010;
	4617 :	0001001000001001;
	4616 :	0001001000001000;
	4615 :	0001001000000111;
	4614 :	0001001000000110;
	4613 :	0001001000000101;
	4612 :	0001001000000100;
	4611 :	0001001000000011;
	4610 :	0001001000000010;
	4609 :	0001001000000001;
	4608 :	0001001000000000;
	4607 :	0001000111111111;
	4606 :	0001000111111110;
	4605 :	0001000111111101;
	4604 :	0001000111111100;
	4603 :	0001000111111011;
	4602 :	0001000111111010;
	4601 :	0001000111111001;
	4600 :	0001000111111000;
	4599 :	0001000111110111;
	4598 :	0001000111110110;
	4597 :	0001000111110101;
	4596 :	0001000111110100;
	4595 :	0001000111110011;
	4594 :	0001000111110010;
	4593 :	0001000111110001;
	4592 :	0001000111110000;
	4591 :	0001000111101111;
	4590 :	0001000111101110;
	4589 :	0001000111101101;
	4588 :	0001000111101100;
	4587 :	0001000111101011;
	4586 :	0001000111101010;
	4585 :	0001000111101001;
	4584 :	0001000111101000;
	4583 :	0001000111100111;
	4582 :	0001000111100110;
	4581 :	0001000111100101;
	4580 :	0001000111100100;
	4579 :	0001000111100011;
	4578 :	0001000111100010;
	4577 :	0001000111100001;
	4576 :	0001000111100000;
	4575 :	0001000111011111;
	4574 :	0001000111011110;
	4573 :	0001000111011101;
	4572 :	0001000111011100;
	4571 :	0001000111011011;
	4570 :	0001000111011010;
	4569 :	0001000111011001;
	4568 :	0001000111011000;
	4567 :	0001000111010111;
	4566 :	0001000111010110;
	4565 :	0001000111010101;
	4564 :	0001000111010100;
	4563 :	0001000111010011;
	4562 :	0001000111010010;
	4561 :	0001000111010001;
	4560 :	0001000111010000;
	4559 :	0001000111001111;
	4558 :	0001000111001110;
	4557 :	0001000111001101;
	4556 :	0001000111001100;
	4555 :	0001000111001011;
	4554 :	0001000111001010;
	4553 :	0001000111001001;
	4552 :	0001000111001000;
	4551 :	0001000111000111;
	4550 :	0001000111000110;
	4549 :	0001000111000101;
	4548 :	0001000111000100;
	4547 :	0001000111000011;
	4546 :	0001000111000010;
	4545 :	0001000111000001;
	4544 :	0001000111000000;
	4543 :	0001000110111111;
	4542 :	0001000110111110;
	4541 :	0001000110111101;
	4540 :	0001000110111100;
	4539 :	0001000110111011;
	4538 :	0001000110111010;
	4537 :	0001000110111001;
	4536 :	0001000110111000;
	4535 :	0001000110110111;
	4534 :	0001000110110110;
	4533 :	0001000110110101;
	4532 :	0001000110110100;
	4531 :	0001000110110011;
	4530 :	0001000110110010;
	4529 :	0001000110110001;
	4528 :	0001000110110000;
	4527 :	0001000110101111;
	4526 :	0001000110101110;
	4525 :	0001000110101101;
	4524 :	0001000110101100;
	4523 :	0001000110101011;
	4522 :	0001000110101010;
	4521 :	0001000110101001;
	4520 :	0001000110101000;
	4519 :	0001000110100111;
	4518 :	0001000110100110;
	4517 :	0001000110100101;
	4516 :	0001000110100100;
	4515 :	0001000110100011;
	4514 :	0001000110100010;
	4513 :	0001000110100001;
	4512 :	0001000110100000;
	4511 :	0001000110011111;
	4510 :	0001000110011110;
	4509 :	0001000110011101;
	4508 :	0001000110011100;
	4507 :	0001000110011011;
	4506 :	0001000110011010;
	4505 :	0001000110011001;
	4504 :	0001000110011000;
	4503 :	0001000110010111;
	4502 :	0001000110010110;
	4501 :	0001000110010101;
	4500 :	0001000110010100;
	4499 :	0001000110010011;
	4498 :	0001000110010010;
	4497 :	0001000110010001;
	4496 :	0001000110010000;
	4495 :	0001000110001111;
	4494 :	0001000110001110;
	4493 :	0001000110001101;
	4492 :	0001000110001100;
	4491 :	0001000110001011;
	4490 :	0001000110001010;
	4489 :	0001000110001001;
	4488 :	0001000110001000;
	4487 :	0001000110000111;
	4486 :	0001000110000110;
	4485 :	0001000110000101;
	4484 :	0001000110000100;
	4483 :	0001000110000011;
	4482 :	0001000110000010;
	4481 :	0001000110000001;
	4480 :	0001000110000000;
	4479 :	0001000101111111;
	4478 :	0001000101111110;
	4477 :	0001000101111101;
	4476 :	0001000101111100;
	4475 :	0001000101111011;
	4474 :	0001000101111010;
	4473 :	0001000101111001;
	4472 :	0001000101111000;
	4471 :	0001000101110111;
	4470 :	0001000101110110;
	4469 :	0001000101110101;
	4468 :	0001000101110100;
	4467 :	0001000101110011;
	4466 :	0001000101110010;
	4465 :	0001000101110001;
	4464 :	0001000101110000;
	4463 :	0001000101101111;
	4462 :	0001000101101110;
	4461 :	0001000101101101;
	4460 :	0001000101101100;
	4459 :	0001000101101011;
	4458 :	0001000101101010;
	4457 :	0001000101101001;
	4456 :	0001000101101000;
	4455 :	0001000101100111;
	4454 :	0001000101100110;
	4453 :	0001000101100101;
	4452 :	0001000101100100;
	4451 :	0001000101100011;
	4450 :	0001000101100010;
	4449 :	0001000101100001;
	4448 :	0001000101100000;
	4447 :	0001000101011111;
	4446 :	0001000101011110;
	4445 :	0001000101011101;
	4444 :	0001000101011100;
	4443 :	0001000101011011;
	4442 :	0001000101011010;
	4441 :	0001000101011001;
	4440 :	0001000101011000;
	4439 :	0001000101010111;
	4438 :	0001000101010110;
	4437 :	0001000101010101;
	4436 :	0001000101010100;
	4435 :	0001000101010011;
	4434 :	0001000101010010;
	4433 :	0001000101010001;
	4432 :	0001000101010000;
	4431 :	0001000101001111;
	4430 :	0001000101001110;
	4429 :	0001000101001101;
	4428 :	0001000101001100;
	4427 :	0001000101001011;
	4426 :	0001000101001010;
	4425 :	0001000101001001;
	4424 :	0001000101001000;
	4423 :	0001000101000111;
	4422 :	0001000101000110;
	4421 :	0001000101000101;
	4420 :	0001000101000100;
	4419 :	0001000101000011;
	4418 :	0001000101000010;
	4417 :	0001000101000001;
	4416 :	0001000101000000;
	4415 :	0001000100111111;
	4414 :	0001000100111110;
	4413 :	0001000100111101;
	4412 :	0001000100111100;
	4411 :	0001000100111011;
	4410 :	0001000100111010;
	4409 :	0001000100111001;
	4408 :	0001000100111000;
	4407 :	0001000100110111;
	4406 :	0001000100110110;
	4405 :	0001000100110101;
	4404 :	0001000100110100;
	4403 :	0001000100110011;
	4402 :	0001000100110010;
	4401 :	0001000100110001;
	4400 :	0001000100110000;
	4399 :	0001000100101111;
	4398 :	0001000100101110;
	4397 :	0001000100101101;
	4396 :	0001000100101100;
	4395 :	0001000100101011;
	4394 :	0001000100101010;
	4393 :	0001000100101001;
	4392 :	0001000100101000;
	4391 :	0001000100100111;
	4390 :	0001000100100110;
	4389 :	0001000100100101;
	4388 :	0001000100100100;
	4387 :	0001000100100011;
	4386 :	0001000100100010;
	4385 :	0001000100100001;
	4384 :	0001000100100000;
	4383 :	0001000100011111;
	4382 :	0001000100011110;
	4381 :	0001000100011101;
	4380 :	0001000100011100;
	4379 :	0001000100011011;
	4378 :	0001000100011010;
	4377 :	0001000100011001;
	4376 :	0001000100011000;
	4375 :	0001000100010111;
	4374 :	0001000100010110;
	4373 :	0001000100010101;
	4372 :	0001000100010100;
	4371 :	0001000100010011;
	4370 :	0001000100010010;
	4369 :	0001000100010001;
	4368 :	0001000100010000;
	4367 :	0001000100001111;
	4366 :	0001000100001110;
	4365 :	0001000100001101;
	4364 :	0001000100001100;
	4363 :	0001000100001011;
	4362 :	0001000100001010;
	4361 :	0001000100001001;
	4360 :	0001000100001000;
	4359 :	0001000100000111;
	4358 :	0001000100000110;
	4357 :	0001000100000101;
	4356 :	0001000100000100;
	4355 :	0001000100000011;
	4354 :	0001000100000010;
	4353 :	0001000100000001;
	4352 :	0001000100000000;
	4351 :	0001000011111111;
	4350 :	0001000011111110;
	4349 :	0001000011111101;
	4348 :	0001000011111100;
	4347 :	0001000011111011;
	4346 :	0001000011111010;
	4345 :	0001000011111001;
	4344 :	0001000011111000;
	4343 :	0001000011110111;
	4342 :	0001000011110110;
	4341 :	0001000011110101;
	4340 :	0001000011110100;
	4339 :	0001000011110011;
	4338 :	0001000011110010;
	4337 :	0001000011110001;
	4336 :	0001000011110000;
	4335 :	0001000011101111;
	4334 :	0001000011101110;
	4333 :	0001000011101101;
	4332 :	0001000011101100;
	4331 :	0001000011101011;
	4330 :	0001000011101010;
	4329 :	0001000011101001;
	4328 :	0001000011101000;
	4327 :	0001000011100111;
	4326 :	0001000011100110;
	4325 :	0001000011100101;
	4324 :	0001000011100100;
	4323 :	0001000011100011;
	4322 :	0001000011100010;
	4321 :	0001000011100001;
	4320 :	0001000011100000;
	4319 :	0001000011011111;
	4318 :	0001000011011110;
	4317 :	0001000011011101;
	4316 :	0001000011011100;
	4315 :	0001000011011011;
	4314 :	0001000011011010;
	4313 :	0001000011011001;
	4312 :	0001000011011000;
	4311 :	0001000011010111;
	4310 :	0001000011010110;
	4309 :	0001000011010101;
	4308 :	0001000011010100;
	4307 :	0001000011010011;
	4306 :	0001000011010010;
	4305 :	0001000011010001;
	4304 :	0001000011010000;
	4303 :	0001000011001111;
	4302 :	0001000011001110;
	4301 :	0001000011001101;
	4300 :	0001000011001100;
	4299 :	0001000011001011;
	4298 :	0001000011001010;
	4297 :	0001000011001001;
	4296 :	0001000011001000;
	4295 :	0001000011000111;
	4294 :	0001000011000110;
	4293 :	0001000011000101;
	4292 :	0001000011000100;
	4291 :	0001000011000011;
	4290 :	0001000011000010;
	4289 :	0001000011000001;
	4288 :	0001000011000000;
	4287 :	0001000010111111;
	4286 :	0001000010111110;
	4285 :	0001000010111101;
	4284 :	0001000010111100;
	4283 :	0001000010111011;
	4282 :	0001000010111010;
	4281 :	0001000010111001;
	4280 :	0001000010111000;
	4279 :	0001000010110111;
	4278 :	0001000010110110;
	4277 :	0001000010110101;
	4276 :	0001000010110100;
	4275 :	0001000010110011;
	4274 :	0001000010110010;
	4273 :	0001000010110001;
	4272 :	0001000010110000;
	4271 :	0001000010101111;
	4270 :	0001000010101110;
	4269 :	0001000010101101;
	4268 :	0001000010101100;
	4267 :	0001000010101011;
	4266 :	0001000010101010;
	4265 :	0001000010101001;
	4264 :	0001000010101000;
	4263 :	0001000010100111;
	4262 :	0001000010100110;
	4261 :	0001000010100101;
	4260 :	0001000010100100;
	4259 :	0001000010100011;
	4258 :	0001000010100010;
	4257 :	0001000010100001;
	4256 :	0001000010100000;
	4255 :	0001000010011111;
	4254 :	0001000010011110;
	4253 :	0001000010011101;
	4252 :	0001000010011100;
	4251 :	0001000010011011;
	4250 :	0001000010011010;
	4249 :	0001000010011001;
	4248 :	0001000010011000;
	4247 :	0001000010010111;
	4246 :	0001000010010110;
	4245 :	0001000010010101;
	4244 :	0001000010010100;
	4243 :	0001000010010011;
	4242 :	0001000010010010;
	4241 :	0001000010010001;
	4240 :	0001000010010000;
	4239 :	0001000010001111;
	4238 :	0001000010001110;
	4237 :	0001000010001101;
	4236 :	0001000010001100;
	4235 :	0001000010001011;
	4234 :	0001000010001010;
	4233 :	0001000010001001;
	4232 :	0001000010001000;
	4231 :	0001000010000111;
	4230 :	0001000010000110;
	4229 :	0001000010000101;
	4228 :	0001000010000100;
	4227 :	0001000010000011;
	4226 :	0001000010000010;
	4225 :	0001000010000001;
	4224 :	0001000010000000;
	4223 :	0001000001111111;
	4222 :	0001000001111110;
	4221 :	0001000001111101;
	4220 :	0001000001111100;
	4219 :	0001000001111011;
	4218 :	0001000001111010;
	4217 :	0001000001111001;
	4216 :	0001000001111000;
	4215 :	0001000001110111;
	4214 :	0001000001110110;
	4213 :	0001000001110101;
	4212 :	0001000001110100;
	4211 :	0001000001110011;
	4210 :	0001000001110010;
	4209 :	0001000001110001;
	4208 :	0001000001110000;
	4207 :	0001000001101111;
	4206 :	0001000001101110;
	4205 :	0001000001101101;
	4204 :	0001000001101100;
	4203 :	0001000001101011;
	4202 :	0001000001101010;
	4201 :	0001000001101001;
	4200 :	0001000001101000;
	4199 :	0001000001100111;
	4198 :	0001000001100110;
	4197 :	0001000001100101;
	4196 :	0001000001100100;
	4195 :	0001000001100011;
	4194 :	0001000001100010;
	4193 :	0001000001100001;
	4192 :	0001000001100000;
	4191 :	0001000001011111;
	4190 :	0001000001011110;
	4189 :	0001000001011101;
	4188 :	0001000001011100;
	4187 :	0001000001011011;
	4186 :	0001000001011010;
	4185 :	0001000001011001;
	4184 :	0001000001011000;
	4183 :	0001000001010111;
	4182 :	0001000001010110;
	4181 :	0001000001010101;
	4180 :	0001000001010100;
	4179 :	0001000001010011;
	4178 :	0001000001010010;
	4177 :	0001000001010001;
	4176 :	0001000001010000;
	4175 :	0001000001001111;
	4174 :	0001000001001110;
	4173 :	0001000001001101;
	4172 :	0001000001001100;
	4171 :	0001000001001011;
	4170 :	0001000001001010;
	4169 :	0001000001001001;
	4168 :	0001000001001000;
	4167 :	0001000001000111;
	4166 :	0001000001000110;
	4165 :	0001000001000101;
	4164 :	0001000001000100;
	4163 :	0001000001000011;
	4162 :	0001000001000010;
	4161 :	0001000001000001;
	4160 :	0001000001000000;
	4159 :	0001000000111111;
	4158 :	0001000000111110;
	4157 :	0001000000111101;
	4156 :	0001000000111100;
	4155 :	0001000000111011;
	4154 :	0001000000111010;
	4153 :	0001000000111001;
	4152 :	0001000000111000;
	4151 :	0001000000110111;
	4150 :	0001000000110110;
	4149 :	0001000000110101;
	4148 :	0001000000110100;
	4147 :	0001000000110011;
	4146 :	0001000000110010;
	4145 :	0001000000110001;
	4144 :	0001000000110000;
	4143 :	0001000000101111;
	4142 :	0001000000101110;
	4141 :	0001000000101101;
	4140 :	0001000000101100;
	4139 :	0001000000101011;
	4138 :	0001000000101010;
	4137 :	0001000000101001;
	4136 :	0001000000101000;
	4135 :	0001000000100111;
	4134 :	0001000000100110;
	4133 :	0001000000100101;
	4132 :	0001000000100100;
	4131 :	0001000000100011;
	4130 :	0001000000100010;
	4129 :	0001000000100001;
	4128 :	0001000000100000;
	4127 :	0001000000011111;
	4126 :	0001000000011110;
	4125 :	0001000000011101;
	4124 :	0001000000011100;
	4123 :	0001000000011011;
	4122 :	0001000000011010;
	4121 :	0001000000011001;
	4120 :	0001000000011000;
	4119 :	0001000000010111;
	4118 :	0001000000010110;
	4117 :	0001000000010101;
	4116 :	0001000000010100;
	4115 :	0001000000010011;
	4114 :	0001000000010010;
	4113 :	0001000000010001;
	4112 :	0001000000010000;
	4111 :	0001000000001111;
	4110 :	0001000000001110;
	4109 :	0001000000001101;
	4108 :	0001000000001100;
	4107 :	0001000000001011;
	4106 :	0001000000001010;
	4105 :	0001000000001001;
	4104 :	0001000000001000;
	4103 :	0001000000000111;
	4102 :	0001000000000110;
	4101 :	0001000000000101;
	4100 :	0001000000000100;
	4099 :	0001000000000011;
	4098 :	0001000000000010;
	4097 :	0001000000000001;
	4096 :	0001000000000000;
	4095 :	0000111111111111;
	4094 :	0000111111111110;
	4093 :	0000111111111101;
	4092 :	0000111111111100;
	4091 :	0000111111111011;
	4090 :	0000111111111010;
	4089 :	0000111111111001;
	4088 :	0000111111111000;
	4087 :	0000111111110111;
	4086 :	0000111111110110;
	4085 :	0000111111110101;
	4084 :	0000111111110100;
	4083 :	0000111111110011;
	4082 :	0000111111110010;
	4081 :	0000111111110001;
	4080 :	0000111111110000;
	4079 :	0000111111101111;
	4078 :	0000111111101110;
	4077 :	0000111111101101;
	4076 :	0000111111101100;
	4075 :	0000111111101011;
	4074 :	0000111111101010;
	4073 :	0000111111101001;
	4072 :	0000111111101000;
	4071 :	0000111111100111;
	4070 :	0000111111100110;
	4069 :	0000111111100101;
	4068 :	0000111111100100;
	4067 :	0000111111100011;
	4066 :	0000111111100010;
	4065 :	0000111111100001;
	4064 :	0000111111100000;
	4063 :	0000111111011111;
	4062 :	0000111111011110;
	4061 :	0000111111011101;
	4060 :	0000111111011100;
	4059 :	0000111111011011;
	4058 :	0000111111011010;
	4057 :	0000111111011001;
	4056 :	0000111111011000;
	4055 :	0000111111010111;
	4054 :	0000111111010110;
	4053 :	0000111111010101;
	4052 :	0000111111010100;
	4051 :	0000111111010011;
	4050 :	0000111111010010;
	4049 :	0000111111010001;
	4048 :	0000111111010000;
	4047 :	0000111111001111;
	4046 :	0000111111001110;
	4045 :	0000111111001101;
	4044 :	0000111111001100;
	4043 :	0000111111001011;
	4042 :	0000111111001010;
	4041 :	0000111111001001;
	4040 :	0000111111001000;
	4039 :	0000111111000111;
	4038 :	0000111111000110;
	4037 :	0000111111000101;
	4036 :	0000111111000100;
	4035 :	0000111111000011;
	4034 :	0000111111000010;
	4033 :	0000111111000001;
	4032 :	0000111111000000;
	4031 :	0000111110111111;
	4030 :	0000111110111110;
	4029 :	0000111110111101;
	4028 :	0000111110111100;
	4027 :	0000111110111011;
	4026 :	0000111110111010;
	4025 :	0000111110111001;
	4024 :	0000111110111000;
	4023 :	0000111110110111;
	4022 :	0000111110110110;
	4021 :	0000111110110101;
	4020 :	0000111110110100;
	4019 :	0000111110110011;
	4018 :	0000111110110010;
	4017 :	0000111110110001;
	4016 :	0000111110110000;
	4015 :	0000111110101111;
	4014 :	0000111110101110;
	4013 :	0000111110101101;
	4012 :	0000111110101100;
	4011 :	0000111110101011;
	4010 :	0000111110101010;
	4009 :	0000111110101001;
	4008 :	0000111110101000;
	4007 :	0000111110100111;
	4006 :	0000111110100110;
	4005 :	0000111110100101;
	4004 :	0000111110100100;
	4003 :	0000111110100011;
	4002 :	0000111110100010;
	4001 :	0000111110100001;
	4000 :	0000111110100000;
	3999 :	0000111110011111;
	3998 :	0000111110011110;
	3997 :	0000111110011101;
	3996 :	0000111110011100;
	3995 :	0000111110011011;
	3994 :	0000111110011010;
	3993 :	0000111110011001;
	3992 :	0000111110011000;
	3991 :	0000111110010111;
	3990 :	0000111110010110;
	3989 :	0000111110010101;
	3988 :	0000111110010100;
	3987 :	0000111110010011;
	3986 :	0000111110010010;
	3985 :	0000111110010001;
	3984 :	0000111110010000;
	3983 :	0000111110001111;
	3982 :	0000111110001110;
	3981 :	0000111110001101;
	3980 :	0000111110001100;
	3979 :	0000111110001011;
	3978 :	0000111110001010;
	3977 :	0000111110001001;
	3976 :	0000111110001000;
	3975 :	0000111110000111;
	3974 :	0000111110000110;
	3973 :	0000111110000101;
	3972 :	0000111110000100;
	3971 :	0000111110000011;
	3970 :	0000111110000010;
	3969 :	0000111110000001;
	3968 :	0000111110000000;
	3967 :	0000111101111111;
	3966 :	0000111101111110;
	3965 :	0000111101111101;
	3964 :	0000111101111100;
	3963 :	0000111101111011;
	3962 :	0000111101111010;
	3961 :	0000111101111001;
	3960 :	0000111101111000;
	3959 :	0000111101110111;
	3958 :	0000111101110110;
	3957 :	0000111101110101;
	3956 :	0000111101110100;
	3955 :	0000111101110011;
	3954 :	0000111101110010;
	3953 :	0000111101110001;
	3952 :	0000111101110000;
	3951 :	0000111101101111;
	3950 :	0000111101101110;
	3949 :	0000111101101101;
	3948 :	0000111101101100;
	3947 :	0000111101101011;
	3946 :	0000111101101010;
	3945 :	0000111101101001;
	3944 :	0000111101101000;
	3943 :	0000111101100111;
	3942 :	0000111101100110;
	3941 :	0000111101100101;
	3940 :	0000111101100100;
	3939 :	0000111101100011;
	3938 :	0000111101100010;
	3937 :	0000111101100001;
	3936 :	0000111101100000;
	3935 :	0000111101011111;
	3934 :	0000111101011110;
	3933 :	0000111101011101;
	3932 :	0000111101011100;
	3931 :	0000111101011011;
	3930 :	0000111101011010;
	3929 :	0000111101011001;
	3928 :	0000111101011000;
	3927 :	0000111101010111;
	3926 :	0000111101010110;
	3925 :	0000111101010101;
	3924 :	0000111101010100;
	3923 :	0000111101010011;
	3922 :	0000111101010010;
	3921 :	0000111101010001;
	3920 :	0000111101010000;
	3919 :	0000111101001111;
	3918 :	0000111101001110;
	3917 :	0000111101001101;
	3916 :	0000111101001100;
	3915 :	0000111101001011;
	3914 :	0000111101001010;
	3913 :	0000111101001001;
	3912 :	0000111101001000;
	3911 :	0000111101000111;
	3910 :	0000111101000110;
	3909 :	0000111101000101;
	3908 :	0000111101000100;
	3907 :	0000111101000011;
	3906 :	0000111101000010;
	3905 :	0000111101000001;
	3904 :	0000111101000000;
	3903 :	0000111100111111;
	3902 :	0000111100111110;
	3901 :	0000111100111101;
	3900 :	0000111100111100;
	3899 :	0000111100111011;
	3898 :	0000111100111010;
	3897 :	0000111100111001;
	3896 :	0000111100111000;
	3895 :	0000111100110111;
	3894 :	0000111100110110;
	3893 :	0000111100110101;
	3892 :	0000111100110100;
	3891 :	0000111100110011;
	3890 :	0000111100110010;
	3889 :	0000111100110001;
	3888 :	0000111100110000;
	3887 :	0000111100101111;
	3886 :	0000111100101110;
	3885 :	0000111100101101;
	3884 :	0000111100101100;
	3883 :	0000111100101011;
	3882 :	0000111100101010;
	3881 :	0000111100101001;
	3880 :	0000111100101000;
	3879 :	0000111100100111;
	3878 :	0000111100100110;
	3877 :	0000111100100101;
	3876 :	0000111100100100;
	3875 :	0000111100100011;
	3874 :	0000111100100010;
	3873 :	0000111100100001;
	3872 :	0000111100100000;
	3871 :	0000111100011111;
	3870 :	0000111100011110;
	3869 :	0000111100011101;
	3868 :	0000111100011100;
	3867 :	0000111100011011;
	3866 :	0000111100011010;
	3865 :	0000111100011001;
	3864 :	0000111100011000;
	3863 :	0000111100010111;
	3862 :	0000111100010110;
	3861 :	0000111100010101;
	3860 :	0000111100010100;
	3859 :	0000111100010011;
	3858 :	0000111100010010;
	3857 :	0000111100010001;
	3856 :	0000111100010000;
	3855 :	0000111100001111;
	3854 :	0000111100001110;
	3853 :	0000111100001101;
	3852 :	0000111100001100;
	3851 :	0000111100001011;
	3850 :	0000111100001010;
	3849 :	0000111100001001;
	3848 :	0000111100001000;
	3847 :	0000111100000111;
	3846 :	0000111100000110;
	3845 :	0000111100000101;
	3844 :	0000111100000100;
	3843 :	0000111100000011;
	3842 :	0000111100000010;
	3841 :	0000111100000001;
	3840 :	0000111100000000;
	3839 :	0000111011111111;
	3838 :	0000111011111110;
	3837 :	0000111011111101;
	3836 :	0000111011111100;
	3835 :	0000111011111011;
	3834 :	0000111011111010;
	3833 :	0000111011111001;
	3832 :	0000111011111000;
	3831 :	0000111011110111;
	3830 :	0000111011110110;
	3829 :	0000111011110101;
	3828 :	0000111011110100;
	3827 :	0000111011110011;
	3826 :	0000111011110010;
	3825 :	0000111011110001;
	3824 :	0000111011110000;
	3823 :	0000111011101111;
	3822 :	0000111011101110;
	3821 :	0000111011101101;
	3820 :	0000111011101100;
	3819 :	0000111011101011;
	3818 :	0000111011101010;
	3817 :	0000111011101001;
	3816 :	0000111011101000;
	3815 :	0000111011100111;
	3814 :	0000111011100110;
	3813 :	0000111011100101;
	3812 :	0000111011100100;
	3811 :	0000111011100011;
	3810 :	0000111011100010;
	3809 :	0000111011100001;
	3808 :	0000111011100000;
	3807 :	0000111011011111;
	3806 :	0000111011011110;
	3805 :	0000111011011101;
	3804 :	0000111011011100;
	3803 :	0000111011011011;
	3802 :	0000111011011010;
	3801 :	0000111011011001;
	3800 :	0000111011011000;
	3799 :	0000111011010111;
	3798 :	0000111011010110;
	3797 :	0000111011010101;
	3796 :	0000111011010100;
	3795 :	0000111011010011;
	3794 :	0000111011010010;
	3793 :	0000111011010001;
	3792 :	0000111011010000;
	3791 :	0000111011001111;
	3790 :	0000111011001110;
	3789 :	0000111011001101;
	3788 :	0000111011001100;
	3787 :	0000111011001011;
	3786 :	0000111011001010;
	3785 :	0000111011001001;
	3784 :	0000111011001000;
	3783 :	0000111011000111;
	3782 :	0000111011000110;
	3781 :	0000111011000101;
	3780 :	0000111011000100;
	3779 :	0000111011000011;
	3778 :	0000111011000010;
	3777 :	0000111011000001;
	3776 :	0000111011000000;
	3775 :	0000111010111111;
	3774 :	0000111010111110;
	3773 :	0000111010111101;
	3772 :	0000111010111100;
	3771 :	0000111010111011;
	3770 :	0000111010111010;
	3769 :	0000111010111001;
	3768 :	0000111010111000;
	3767 :	0000111010110111;
	3766 :	0000111010110110;
	3765 :	0000111010110101;
	3764 :	0000111010110100;
	3763 :	0000111010110011;
	3762 :	0000111010110010;
	3761 :	0000111010110001;
	3760 :	0000111010110000;
	3759 :	0000111010101111;
	3758 :	0000111010101110;
	3757 :	0000111010101101;
	3756 :	0000111010101100;
	3755 :	0000111010101011;
	3754 :	0000111010101010;
	3753 :	0000111010101001;
	3752 :	0000111010101000;
	3751 :	0000111010100111;
	3750 :	0000111010100110;
	3749 :	0000111010100101;
	3748 :	0000111010100100;
	3747 :	0000111010100011;
	3746 :	0000111010100010;
	3745 :	0000111010100001;
	3744 :	0000111010100000;
	3743 :	0000111010011111;
	3742 :	0000111010011110;
	3741 :	0000111010011101;
	3740 :	0000111010011100;
	3739 :	0000111010011011;
	3738 :	0000111010011010;
	3737 :	0000111010011001;
	3736 :	0000111010011000;
	3735 :	0000111010010111;
	3734 :	0000111010010110;
	3733 :	0000111010010101;
	3732 :	0000111010010100;
	3731 :	0000111010010011;
	3730 :	0000111010010010;
	3729 :	0000111010010001;
	3728 :	0000111010010000;
	3727 :	0000111010001111;
	3726 :	0000111010001110;
	3725 :	0000111010001101;
	3724 :	0000111010001100;
	3723 :	0000111010001011;
	3722 :	0000111010001010;
	3721 :	0000111010001001;
	3720 :	0000111010001000;
	3719 :	0000111010000111;
	3718 :	0000111010000110;
	3717 :	0000111010000101;
	3716 :	0000111010000100;
	3715 :	0000111010000011;
	3714 :	0000111010000010;
	3713 :	0000111010000001;
	3712 :	0000111010000000;
	3711 :	0000111001111111;
	3710 :	0000111001111110;
	3709 :	0000111001111101;
	3708 :	0000111001111100;
	3707 :	0000111001111011;
	3706 :	0000111001111010;
	3705 :	0000111001111001;
	3704 :	0000111001111000;
	3703 :	0000111001110111;
	3702 :	0000111001110110;
	3701 :	0000111001110101;
	3700 :	0000111001110100;
	3699 :	0000111001110011;
	3698 :	0000111001110010;
	3697 :	0000111001110001;
	3696 :	0000111001110000;
	3695 :	0000111001101111;
	3694 :	0000111001101110;
	3693 :	0000111001101101;
	3692 :	0000111001101100;
	3691 :	0000111001101011;
	3690 :	0000111001101010;
	3689 :	0000111001101001;
	3688 :	0000111001101000;
	3687 :	0000111001100111;
	3686 :	0000111001100110;
	3685 :	0000111001100101;
	3684 :	0000111001100100;
	3683 :	0000111001100011;
	3682 :	0000111001100010;
	3681 :	0000111001100001;
	3680 :	0000111001100000;
	3679 :	0000111001011111;
	3678 :	0000111001011110;
	3677 :	0000111001011101;
	3676 :	0000111001011100;
	3675 :	0000111001011011;
	3674 :	0000111001011010;
	3673 :	0000111001011001;
	3672 :	0000111001011000;
	3671 :	0000111001010111;
	3670 :	0000111001010110;
	3669 :	0000111001010101;
	3668 :	0000111001010100;
	3667 :	0000111001010011;
	3666 :	0000111001010010;
	3665 :	0000111001010001;
	3664 :	0000111001010000;
	3663 :	0000111001001111;
	3662 :	0000111001001110;
	3661 :	0000111001001101;
	3660 :	0000111001001100;
	3659 :	0000111001001011;
	3658 :	0000111001001010;
	3657 :	0000111001001001;
	3656 :	0000111001001000;
	3655 :	0000111001000111;
	3654 :	0000111001000110;
	3653 :	0000111001000101;
	3652 :	0000111001000100;
	3651 :	0000111001000011;
	3650 :	0000111001000010;
	3649 :	0000111001000001;
	3648 :	0000111001000000;
	3647 :	0000111000111111;
	3646 :	0000111000111110;
	3645 :	0000111000111101;
	3644 :	0000111000111100;
	3643 :	0000111000111011;
	3642 :	0000111000111010;
	3641 :	0000111000111001;
	3640 :	0000111000111000;
	3639 :	0000111000110111;
	3638 :	0000111000110110;
	3637 :	0000111000110101;
	3636 :	0000111000110100;
	3635 :	0000111000110011;
	3634 :	0000111000110010;
	3633 :	0000111000110001;
	3632 :	0000111000110000;
	3631 :	0000111000101111;
	3630 :	0000111000101110;
	3629 :	0000111000101101;
	3628 :	0000111000101100;
	3627 :	0000111000101011;
	3626 :	0000111000101010;
	3625 :	0000111000101001;
	3624 :	0000111000101000;
	3623 :	0000111000100111;
	3622 :	0000111000100110;
	3621 :	0000111000100101;
	3620 :	0000111000100100;
	3619 :	0000111000100011;
	3618 :	0000111000100010;
	3617 :	0000111000100001;
	3616 :	0000111000100000;
	3615 :	0000111000011111;
	3614 :	0000111000011110;
	3613 :	0000111000011101;
	3612 :	0000111000011100;
	3611 :	0000111000011011;
	3610 :	0000111000011010;
	3609 :	0000111000011001;
	3608 :	0000111000011000;
	3607 :	0000111000010111;
	3606 :	0000111000010110;
	3605 :	0000111000010101;
	3604 :	0000111000010100;
	3603 :	0000111000010011;
	3602 :	0000111000010010;
	3601 :	0000111000010001;
	3600 :	0000111000010000;
	3599 :	0000111000001111;
	3598 :	0000111000001110;
	3597 :	0000111000001101;
	3596 :	0000111000001100;
	3595 :	0000111000001011;
	3594 :	0000111000001010;
	3593 :	0000111000001001;
	3592 :	0000111000001000;
	3591 :	0000111000000111;
	3590 :	0000111000000110;
	3589 :	0000111000000101;
	3588 :	0000111000000100;
	3587 :	0000111000000011;
	3586 :	0000111000000010;
	3585 :	0000111000000001;
	3584 :	0000111000000000;
	3583 :	0000110111111111;
	3582 :	0000110111111110;
	3581 :	0000110111111101;
	3580 :	0000110111111100;
	3579 :	0000110111111011;
	3578 :	0000110111111010;
	3577 :	0000110111111001;
	3576 :	0000110111111000;
	3575 :	0000110111110111;
	3574 :	0000110111110110;
	3573 :	0000110111110101;
	3572 :	0000110111110100;
	3571 :	0000110111110011;
	3570 :	0000110111110010;
	3569 :	0000110111110001;
	3568 :	0000110111110000;
	3567 :	0000110111101111;
	3566 :	0000110111101110;
	3565 :	0000110111101101;
	3564 :	0000110111101100;
	3563 :	0000110111101011;
	3562 :	0000110111101010;
	3561 :	0000110111101001;
	3560 :	0000110111101000;
	3559 :	0000110111100111;
	3558 :	0000110111100110;
	3557 :	0000110111100101;
	3556 :	0000110111100100;
	3555 :	0000110111100011;
	3554 :	0000110111100010;
	3553 :	0000110111100001;
	3552 :	0000110111100000;
	3551 :	0000110111011111;
	3550 :	0000110111011110;
	3549 :	0000110111011101;
	3548 :	0000110111011100;
	3547 :	0000110111011011;
	3546 :	0000110111011010;
	3545 :	0000110111011001;
	3544 :	0000110111011000;
	3543 :	0000110111010111;
	3542 :	0000110111010110;
	3541 :	0000110111010101;
	3540 :	0000110111010100;
	3539 :	0000110111010011;
	3538 :	0000110111010010;
	3537 :	0000110111010001;
	3536 :	0000110111010000;
	3535 :	0000110111001111;
	3534 :	0000110111001110;
	3533 :	0000110111001101;
	3532 :	0000110111001100;
	3531 :	0000110111001011;
	3530 :	0000110111001010;
	3529 :	0000110111001001;
	3528 :	0000110111001000;
	3527 :	0000110111000111;
	3526 :	0000110111000110;
	3525 :	0000110111000101;
	3524 :	0000110111000100;
	3523 :	0000110111000011;
	3522 :	0000110111000010;
	3521 :	0000110111000001;
	3520 :	0000110111000000;
	3519 :	0000110110111111;
	3518 :	0000110110111110;
	3517 :	0000110110111101;
	3516 :	0000110110111100;
	3515 :	0000110110111011;
	3514 :	0000110110111010;
	3513 :	0000110110111001;
	3512 :	0000110110111000;
	3511 :	0000110110110111;
	3510 :	0000110110110110;
	3509 :	0000110110110101;
	3508 :	0000110110110100;
	3507 :	0000110110110011;
	3506 :	0000110110110010;
	3505 :	0000110110110001;
	3504 :	0000110110110000;
	3503 :	0000110110101111;
	3502 :	0000110110101110;
	3501 :	0000110110101101;
	3500 :	0000110110101100;
	3499 :	0000110110101011;
	3498 :	0000110110101010;
	3497 :	0000110110101001;
	3496 :	0000110110101000;
	3495 :	0000110110100111;
	3494 :	0000110110100110;
	3493 :	0000110110100101;
	3492 :	0000110110100100;
	3491 :	0000110110100011;
	3490 :	0000110110100010;
	3489 :	0000110110100001;
	3488 :	0000110110100000;
	3487 :	0000110110011111;
	3486 :	0000110110011110;
	3485 :	0000110110011101;
	3484 :	0000110110011100;
	3483 :	0000110110011011;
	3482 :	0000110110011010;
	3481 :	0000110110011001;
	3480 :	0000110110011000;
	3479 :	0000110110010111;
	3478 :	0000110110010110;
	3477 :	0000110110010101;
	3476 :	0000110110010100;
	3475 :	0000110110010011;
	3474 :	0000110110010010;
	3473 :	0000110110010001;
	3472 :	0000110110010000;
	3471 :	0000110110001111;
	3470 :	0000110110001110;
	3469 :	0000110110001101;
	3468 :	0000110110001100;
	3467 :	0000110110001011;
	3466 :	0000110110001010;
	3465 :	0000110110001001;
	3464 :	0000110110001000;
	3463 :	0000110110000111;
	3462 :	0000110110000110;
	3461 :	0000110110000101;
	3460 :	0000110110000100;
	3459 :	0000110110000011;
	3458 :	0000110110000010;
	3457 :	0000110110000001;
	3456 :	0000110110000000;
	3455 :	0000110101111111;
	3454 :	0000110101111110;
	3453 :	0000110101111101;
	3452 :	0000110101111100;
	3451 :	0000110101111011;
	3450 :	0000110101111010;
	3449 :	0000110101111001;
	3448 :	0000110101111000;
	3447 :	0000110101110111;
	3446 :	0000110101110110;
	3445 :	0000110101110101;
	3444 :	0000110101110100;
	3443 :	0000110101110011;
	3442 :	0000110101110010;
	3441 :	0000110101110001;
	3440 :	0000110101110000;
	3439 :	0000110101101111;
	3438 :	0000110101101110;
	3437 :	0000110101101101;
	3436 :	0000110101101100;
	3435 :	0000110101101011;
	3434 :	0000110101101010;
	3433 :	0000110101101001;
	3432 :	0000110101101000;
	3431 :	0000110101100111;
	3430 :	0000110101100110;
	3429 :	0000110101100101;
	3428 :	0000110101100100;
	3427 :	0000110101100011;
	3426 :	0000110101100010;
	3425 :	0000110101100001;
	3424 :	0000110101100000;
	3423 :	0000110101011111;
	3422 :	0000110101011110;
	3421 :	0000110101011101;
	3420 :	0000110101011100;
	3419 :	0000110101011011;
	3418 :	0000110101011010;
	3417 :	0000110101011001;
	3416 :	0000110101011000;
	3415 :	0000110101010111;
	3414 :	0000110101010110;
	3413 :	0000110101010101;
	3412 :	0000110101010100;
	3411 :	0000110101010011;
	3410 :	0000110101010010;
	3409 :	0000110101010001;
	3408 :	0000110101010000;
	3407 :	0000110101001111;
	3406 :	0000110101001110;
	3405 :	0000110101001101;
	3404 :	0000110101001100;
	3403 :	0000110101001011;
	3402 :	0000110101001010;
	3401 :	0000110101001001;
	3400 :	0000110101001000;
	3399 :	0000110101000111;
	3398 :	0000110101000110;
	3397 :	0000110101000101;
	3396 :	0000110101000100;
	3395 :	0000110101000011;
	3394 :	0000110101000010;
	3393 :	0000110101000001;
	3392 :	0000110101000000;
	3391 :	0000110100111111;
	3390 :	0000110100111110;
	3389 :	0000110100111101;
	3388 :	0000110100111100;
	3387 :	0000110100111011;
	3386 :	0000110100111010;
	3385 :	0000110100111001;
	3384 :	0000110100111000;
	3383 :	0000110100110111;
	3382 :	0000110100110110;
	3381 :	0000110100110101;
	3380 :	0000110100110100;
	3379 :	0000110100110011;
	3378 :	0000110100110010;
	3377 :	0000110100110001;
	3376 :	0000110100110000;
	3375 :	0000110100101111;
	3374 :	0000110100101110;
	3373 :	0000110100101101;
	3372 :	0000110100101100;
	3371 :	0000110100101011;
	3370 :	0000110100101010;
	3369 :	0000110100101001;
	3368 :	0000110100101000;
	3367 :	0000110100100111;
	3366 :	0000110100100110;
	3365 :	0000110100100101;
	3364 :	0000110100100100;
	3363 :	0000110100100011;
	3362 :	0000110100100010;
	3361 :	0000110100100001;
	3360 :	0000110100100000;
	3359 :	0000110100011111;
	3358 :	0000110100011110;
	3357 :	0000110100011101;
	3356 :	0000110100011100;
	3355 :	0000110100011011;
	3354 :	0000110100011010;
	3353 :	0000110100011001;
	3352 :	0000110100011000;
	3351 :	0000110100010111;
	3350 :	0000110100010110;
	3349 :	0000110100010101;
	3348 :	0000110100010100;
	3347 :	0000110100010011;
	3346 :	0000110100010010;
	3345 :	0000110100010001;
	3344 :	0000110100010000;
	3343 :	0000110100001111;
	3342 :	0000110100001110;
	3341 :	0000110100001101;
	3340 :	0000110100001100;
	3339 :	0000110100001011;
	3338 :	0000110100001010;
	3337 :	0000110100001001;
	3336 :	0000110100001000;
	3335 :	0000110100000111;
	3334 :	0000110100000110;
	3333 :	0000110100000101;
	3332 :	0000110100000100;
	3331 :	0000110100000011;
	3330 :	0000110100000010;
	3329 :	0000110100000001;
	3328 :	0000110100000000;
	3327 :	0000110011111111;
	3326 :	0000110011111110;
	3325 :	0000110011111101;
	3324 :	0000110011111100;
	3323 :	0000110011111011;
	3322 :	0000110011111010;
	3321 :	0000110011111001;
	3320 :	0000110011111000;
	3319 :	0000110011110111;
	3318 :	0000110011110110;
	3317 :	0000110011110101;
	3316 :	0000110011110100;
	3315 :	0000110011110011;
	3314 :	0000110011110010;
	3313 :	0000110011110001;
	3312 :	0000110011110000;
	3311 :	0000110011101111;
	3310 :	0000110011101110;
	3309 :	0000110011101101;
	3308 :	0000110011101100;
	3307 :	0000110011101011;
	3306 :	0000110011101010;
	3305 :	0000110011101001;
	3304 :	0000110011101000;
	3303 :	0000110011100111;
	3302 :	0000110011100110;
	3301 :	0000110011100101;
	3300 :	0000110011100100;
	3299 :	0000110011100011;
	3298 :	0000110011100010;
	3297 :	0000110011100001;
	3296 :	0000110011100000;
	3295 :	0000110011011111;
	3294 :	0000110011011110;
	3293 :	0000110011011101;
	3292 :	0000110011011100;
	3291 :	0000110011011011;
	3290 :	0000110011011010;
	3289 :	0000110011011001;
	3288 :	0000110011011000;
	3287 :	0000110011010111;
	3286 :	0000110011010110;
	3285 :	0000110011010101;
	3284 :	0000110011010100;
	3283 :	0000110011010011;
	3282 :	0000110011010010;
	3281 :	0000110011010001;
	3280 :	0000110011010000;
	3279 :	0000110011001111;
	3278 :	0000110011001110;
	3277 :	0000110011001101;
	3276 :	0000110011001100;
	3275 :	0000110011001011;
	3274 :	0000110011001010;
	3273 :	0000110011001001;
	3272 :	0000110011001000;
	3271 :	0000110011000111;
	3270 :	0000110011000110;
	3269 :	0000110011000101;
	3268 :	0000110011000100;
	3267 :	0000110011000011;
	3266 :	0000110011000010;
	3265 :	0000110011000001;
	3264 :	0000110011000000;
	3263 :	0000110010111111;
	3262 :	0000110010111110;
	3261 :	0000110010111101;
	3260 :	0000110010111100;
	3259 :	0000110010111011;
	3258 :	0000110010111010;
	3257 :	0000110010111001;
	3256 :	0000110010111000;
	3255 :	0000110010110111;
	3254 :	0000110010110110;
	3253 :	0000110010110101;
	3252 :	0000110010110100;
	3251 :	0000110010110011;
	3250 :	0000110010110010;
	3249 :	0000110010110001;
	3248 :	0000110010110000;
	3247 :	0000110010101111;
	3246 :	0000110010101110;
	3245 :	0000110010101101;
	3244 :	0000110010101100;
	3243 :	0000110010101011;
	3242 :	0000110010101010;
	3241 :	0000110010101001;
	3240 :	0000110010101000;
	3239 :	0000110010100111;
	3238 :	0000110010100110;
	3237 :	0000110010100101;
	3236 :	0000110010100100;
	3235 :	0000110010100011;
	3234 :	0000110010100010;
	3233 :	0000110010100001;
	3232 :	0000110010100000;
	3231 :	0000110010011111;
	3230 :	0000110010011110;
	3229 :	0000110010011101;
	3228 :	0000110010011100;
	3227 :	0000110010011011;
	3226 :	0000110010011010;
	3225 :	0000110010011001;
	3224 :	0000110010011000;
	3223 :	0000110010010111;
	3222 :	0000110010010110;
	3221 :	0000110010010101;
	3220 :	0000110010010100;
	3219 :	0000110010010011;
	3218 :	0000110010010010;
	3217 :	0000110010010001;
	3216 :	0000110010010000;
	3215 :	0000110010001111;
	3214 :	0000110010001110;
	3213 :	0000110010001101;
	3212 :	0000110010001100;
	3211 :	0000110010001011;
	3210 :	0000110010001010;
	3209 :	0000110010001001;
	3208 :	0000110010001000;
	3207 :	0000110010000111;
	3206 :	0000110010000110;
	3205 :	0000110010000101;
	3204 :	0000110010000100;
	3203 :	0000110010000011;
	3202 :	0000110010000010;
	3201 :	0000110010000001;
	3200 :	0000110010000000;
	3199 :	0000110001111111;
	3198 :	0000110001111110;
	3197 :	0000110001111101;
	3196 :	0000110001111100;
	3195 :	0000110001111011;
	3194 :	0000110001111010;
	3193 :	0000110001111001;
	3192 :	0000110001111000;
	3191 :	0000110001110111;
	3190 :	0000110001110110;
	3189 :	0000110001110101;
	3188 :	0000110001110100;
	3187 :	0000110001110011;
	3186 :	0000110001110010;
	3185 :	0000110001110001;
	3184 :	0000110001110000;
	3183 :	0000110001101111;
	3182 :	0000110001101110;
	3181 :	0000110001101101;
	3180 :	0000110001101100;
	3179 :	0000110001101011;
	3178 :	0000110001101010;
	3177 :	0000110001101001;
	3176 :	0000110001101000;
	3175 :	0000110001100111;
	3174 :	0000110001100110;
	3173 :	0000110001100101;
	3172 :	0000110001100100;
	3171 :	0000110001100011;
	3170 :	0000110001100010;
	3169 :	0000110001100001;
	3168 :	0000110001100000;
	3167 :	0000110001011111;
	3166 :	0000110001011110;
	3165 :	0000110001011101;
	3164 :	0000110001011100;
	3163 :	0000110001011011;
	3162 :	0000110001011010;
	3161 :	0000110001011001;
	3160 :	0000110001011000;
	3159 :	0000110001010111;
	3158 :	0000110001010110;
	3157 :	0000110001010101;
	3156 :	0000110001010100;
	3155 :	0000110001010011;
	3154 :	0000110001010010;
	3153 :	0000110001010001;
	3152 :	0000110001010000;
	3151 :	0000110001001111;
	3150 :	0000110001001110;
	3149 :	0000110001001101;
	3148 :	0000110001001100;
	3147 :	0000110001001011;
	3146 :	0000110001001010;
	3145 :	0000110001001001;
	3144 :	0000110001001000;
	3143 :	0000110001000111;
	3142 :	0000110001000110;
	3141 :	0000110001000101;
	3140 :	0000110001000100;
	3139 :	0000110001000011;
	3138 :	0000110001000010;
	3137 :	0000110001000001;
	3136 :	0000110001000000;
	3135 :	0000110000111111;
	3134 :	0000110000111110;
	3133 :	0000110000111101;
	3132 :	0000110000111100;
	3131 :	0000110000111011;
	3130 :	0000110000111010;
	3129 :	0000110000111001;
	3128 :	0000110000111000;
	3127 :	0000110000110111;
	3126 :	0000110000110110;
	3125 :	0000110000110101;
	3124 :	0000110000110100;
	3123 :	0000110000110011;
	3122 :	0000110000110010;
	3121 :	0000110000110001;
	3120 :	0000110000110000;
	3119 :	0000110000101111;
	3118 :	0000110000101110;
	3117 :	0000110000101101;
	3116 :	0000110000101100;
	3115 :	0000110000101011;
	3114 :	0000110000101010;
	3113 :	0000110000101001;
	3112 :	0000110000101000;
	3111 :	0000110000100111;
	3110 :	0000110000100110;
	3109 :	0000110000100101;
	3108 :	0000110000100100;
	3107 :	0000110000100011;
	3106 :	0000110000100010;
	3105 :	0000110000100001;
	3104 :	0000110000100000;
	3103 :	0000110000011111;
	3102 :	0000110000011110;
	3101 :	0000110000011101;
	3100 :	0000110000011100;
	3099 :	0000110000011011;
	3098 :	0000110000011010;
	3097 :	0000110000011001;
	3096 :	0000110000011000;
	3095 :	0000110000010111;
	3094 :	0000110000010110;
	3093 :	0000110000010101;
	3092 :	0000110000010100;
	3091 :	0000110000010011;
	3090 :	0000110000010010;
	3089 :	0000110000010001;
	3088 :	0000110000010000;
	3087 :	0000110000001111;
	3086 :	0000110000001110;
	3085 :	0000110000001101;
	3084 :	0000110000001100;
	3083 :	0000110000001011;
	3082 :	0000110000001010;
	3081 :	0000110000001001;
	3080 :	0000110000001000;
	3079 :	0000110000000111;
	3078 :	0000110000000110;
	3077 :	0000110000000101;
	3076 :	0000110000000100;
	3075 :	0000110000000011;
	3074 :	0000110000000010;
	3073 :	0000110000000001;
	3072 :	0000110000000000;
	3071 :	0000101111111111;
	3070 :	0000101111111110;
	3069 :	0000101111111101;
	3068 :	0000101111111100;
	3067 :	0000101111111011;
	3066 :	0000101111111010;
	3065 :	0000101111111001;
	3064 :	0000101111111000;
	3063 :	0000101111110111;
	3062 :	0000101111110110;
	3061 :	0000101111110101;
	3060 :	0000101111110100;
	3059 :	0000101111110011;
	3058 :	0000101111110010;
	3057 :	0000101111110001;
	3056 :	0000101111110000;
	3055 :	0000101111101111;
	3054 :	0000101111101110;
	3053 :	0000101111101101;
	3052 :	0000101111101100;
	3051 :	0000101111101011;
	3050 :	0000101111101010;
	3049 :	0000101111101001;
	3048 :	0000101111101000;
	3047 :	0000101111100111;
	3046 :	0000101111100110;
	3045 :	0000101111100101;
	3044 :	0000101111100100;
	3043 :	0000101111100011;
	3042 :	0000101111100010;
	3041 :	0000101111100001;
	3040 :	0000101111100000;
	3039 :	0000101111011111;
	3038 :	0000101111011110;
	3037 :	0000101111011101;
	3036 :	0000101111011100;
	3035 :	0000101111011011;
	3034 :	0000101111011010;
	3033 :	0000101111011001;
	3032 :	0000101111011000;
	3031 :	0000101111010111;
	3030 :	0000101111010110;
	3029 :	0000101111010101;
	3028 :	0000101111010100;
	3027 :	0000101111010011;
	3026 :	0000101111010010;
	3025 :	0000101111010001;
	3024 :	0000101111010000;
	3023 :	0000101111001111;
	3022 :	0000101111001110;
	3021 :	0000101111001101;
	3020 :	0000101111001100;
	3019 :	0000101111001011;
	3018 :	0000101111001010;
	3017 :	0000101111001001;
	3016 :	0000101111001000;
	3015 :	0000101111000111;
	3014 :	0000101111000110;
	3013 :	0000101111000101;
	3012 :	0000101111000100;
	3011 :	0000101111000011;
	3010 :	0000101111000010;
	3009 :	0000101111000001;
	3008 :	0000101111000000;
	3007 :	0000101110111111;
	3006 :	0000101110111110;
	3005 :	0000101110111101;
	3004 :	0000101110111100;
	3003 :	0000101110111011;
	3002 :	0000101110111010;
	3001 :	0000101110111001;
	3000 :	0000101110111000;
	2999 :	0000101110110111;
	2998 :	0000101110110110;
	2997 :	0000101110110101;
	2996 :	0000101110110100;
	2995 :	0000101110110011;
	2994 :	0000101110110010;
	2993 :	0000101110110001;
	2992 :	0000101110110000;
	2991 :	0000101110101111;
	2990 :	0000101110101110;
	2989 :	0000101110101101;
	2988 :	0000101110101100;
	2987 :	0000101110101011;
	2986 :	0000101110101010;
	2985 :	0000101110101001;
	2984 :	0000101110101000;
	2983 :	0000101110100111;
	2982 :	0000101110100110;
	2981 :	0000101110100101;
	2980 :	0000101110100100;
	2979 :	0000101110100011;
	2978 :	0000101110100010;
	2977 :	0000101110100001;
	2976 :	0000101110100000;
	2975 :	0000101110011111;
	2974 :	0000101110011110;
	2973 :	0000101110011101;
	2972 :	0000101110011100;
	2971 :	0000101110011011;
	2970 :	0000101110011010;
	2969 :	0000101110011001;
	2968 :	0000101110011000;
	2967 :	0000101110010111;
	2966 :	0000101110010110;
	2965 :	0000101110010101;
	2964 :	0000101110010100;
	2963 :	0000101110010011;
	2962 :	0000101110010010;
	2961 :	0000101110010001;
	2960 :	0000101110010000;
	2959 :	0000101110001111;
	2958 :	0000101110001110;
	2957 :	0000101110001101;
	2956 :	0000101110001100;
	2955 :	0000101110001011;
	2954 :	0000101110001010;
	2953 :	0000101110001001;
	2952 :	0000101110001000;
	2951 :	0000101110000111;
	2950 :	0000101110000110;
	2949 :	0000101110000101;
	2948 :	0000101110000100;
	2947 :	0000101110000011;
	2946 :	0000101110000010;
	2945 :	0000101110000001;
	2944 :	0000101110000000;
	2943 :	0000101101111111;
	2942 :	0000101101111110;
	2941 :	0000101101111101;
	2940 :	0000101101111100;
	2939 :	0000101101111011;
	2938 :	0000101101111010;
	2937 :	0000101101111001;
	2936 :	0000101101111000;
	2935 :	0000101101110111;
	2934 :	0000101101110110;
	2933 :	0000101101110101;
	2932 :	0000101101110100;
	2931 :	0000101101110011;
	2930 :	0000101101110010;
	2929 :	0000101101110001;
	2928 :	0000101101110000;
	2927 :	0000101101101111;
	2926 :	0000101101101110;
	2925 :	0000101101101101;
	2924 :	0000101101101100;
	2923 :	0000101101101011;
	2922 :	0000101101101010;
	2921 :	0000101101101001;
	2920 :	0000101101101000;
	2919 :	0000101101100111;
	2918 :	0000101101100110;
	2917 :	0000101101100101;
	2916 :	0000101101100100;
	2915 :	0000101101100011;
	2914 :	0000101101100010;
	2913 :	0000101101100001;
	2912 :	0000101101100000;
	2911 :	0000101101011111;
	2910 :	0000101101011110;
	2909 :	0000101101011101;
	2908 :	0000101101011100;
	2907 :	0000101101011011;
	2906 :	0000101101011010;
	2905 :	0000101101011001;
	2904 :	0000101101011000;
	2903 :	0000101101010111;
	2902 :	0000101101010110;
	2901 :	0000101101010101;
	2900 :	0000101101010100;
	2899 :	0000101101010011;
	2898 :	0000101101010010;
	2897 :	0000101101010001;
	2896 :	0000101101010000;
	2895 :	0000101101001111;
	2894 :	0000101101001110;
	2893 :	0000101101001101;
	2892 :	0000101101001100;
	2891 :	0000101101001011;
	2890 :	0000101101001010;
	2889 :	0000101101001001;
	2888 :	0000101101001000;
	2887 :	0000101101000111;
	2886 :	0000101101000110;
	2885 :	0000101101000101;
	2884 :	0000101101000100;
	2883 :	0000101101000011;
	2882 :	0000101101000010;
	2881 :	0000101101000001;
	2880 :	0000101101000000;
	2879 :	0000101100111111;
	2878 :	0000101100111110;
	2877 :	0000101100111101;
	2876 :	0000101100111100;
	2875 :	0000101100111011;
	2874 :	0000101100111010;
	2873 :	0000101100111001;
	2872 :	0000101100111000;
	2871 :	0000101100110111;
	2870 :	0000101100110110;
	2869 :	0000101100110101;
	2868 :	0000101100110100;
	2867 :	0000101100110011;
	2866 :	0000101100110010;
	2865 :	0000101100110001;
	2864 :	0000101100110000;
	2863 :	0000101100101111;
	2862 :	0000101100101110;
	2861 :	0000101100101101;
	2860 :	0000101100101100;
	2859 :	0000101100101011;
	2858 :	0000101100101010;
	2857 :	0000101100101001;
	2856 :	0000101100101000;
	2855 :	0000101100100111;
	2854 :	0000101100100110;
	2853 :	0000101100100101;
	2852 :	0000101100100100;
	2851 :	0000101100100011;
	2850 :	0000101100100010;
	2849 :	0000101100100001;
	2848 :	0000101100100000;
	2847 :	0000101100011111;
	2846 :	0000101100011110;
	2845 :	0000101100011101;
	2844 :	0000101100011100;
	2843 :	0000101100011011;
	2842 :	0000101100011010;
	2841 :	0000101100011001;
	2840 :	0000101100011000;
	2839 :	0000101100010111;
	2838 :	0000101100010110;
	2837 :	0000101100010101;
	2836 :	0000101100010100;
	2835 :	0000101100010011;
	2834 :	0000101100010010;
	2833 :	0000101100010001;
	2832 :	0000101100010000;
	2831 :	0000101100001111;
	2830 :	0000101100001110;
	2829 :	0000101100001101;
	2828 :	0000101100001100;
	2827 :	0000101100001011;
	2826 :	0000101100001010;
	2825 :	0000101100001001;
	2824 :	0000101100001000;
	2823 :	0000101100000111;
	2822 :	0000101100000110;
	2821 :	0000101100000101;
	2820 :	0000101100000100;
	2819 :	0000101100000011;
	2818 :	0000101100000010;
	2817 :	0000101100000001;
	2816 :	0000101100000000;
	2815 :	0000101011111111;
	2814 :	0000101011111110;
	2813 :	0000101011111101;
	2812 :	0000101011111100;
	2811 :	0000101011111011;
	2810 :	0000101011111010;
	2809 :	0000101011111001;
	2808 :	0000101011111000;
	2807 :	0000101011110111;
	2806 :	0000101011110110;
	2805 :	0000101011110101;
	2804 :	0000101011110100;
	2803 :	0000101011110011;
	2802 :	0000101011110010;
	2801 :	0000101011110001;
	2800 :	0000101011110000;
	2799 :	0000101011101111;
	2798 :	0000101011101110;
	2797 :	0000101011101101;
	2796 :	0000101011101100;
	2795 :	0000101011101011;
	2794 :	0000101011101010;
	2793 :	0000101011101001;
	2792 :	0000101011101000;
	2791 :	0000101011100111;
	2790 :	0000101011100110;
	2789 :	0000101011100101;
	2788 :	0000101011100100;
	2787 :	0000101011100011;
	2786 :	0000101011100010;
	2785 :	0000101011100001;
	2784 :	0000101011100000;
	2783 :	0000101011011111;
	2782 :	0000101011011110;
	2781 :	0000101011011101;
	2780 :	0000101011011100;
	2779 :	0000101011011011;
	2778 :	0000101011011010;
	2777 :	0000101011011001;
	2776 :	0000101011011000;
	2775 :	0000101011010111;
	2774 :	0000101011010110;
	2773 :	0000101011010101;
	2772 :	0000101011010100;
	2771 :	0000101011010011;
	2770 :	0000101011010010;
	2769 :	0000101011010001;
	2768 :	0000101011010000;
	2767 :	0000101011001111;
	2766 :	0000101011001110;
	2765 :	0000101011001101;
	2764 :	0000101011001100;
	2763 :	0000101011001011;
	2762 :	0000101011001010;
	2761 :	0000101011001001;
	2760 :	0000101011001000;
	2759 :	0000101011000111;
	2758 :	0000101011000110;
	2757 :	0000101011000101;
	2756 :	0000101011000100;
	2755 :	0000101011000011;
	2754 :	0000101011000010;
	2753 :	0000101011000001;
	2752 :	0000101011000000;
	2751 :	0000101010111111;
	2750 :	0000101010111110;
	2749 :	0000101010111101;
	2748 :	0000101010111100;
	2747 :	0000101010111011;
	2746 :	0000101010111010;
	2745 :	0000101010111001;
	2744 :	0000101010111000;
	2743 :	0000101010110111;
	2742 :	0000101010110110;
	2741 :	0000101010110101;
	2740 :	0000101010110100;
	2739 :	0000101010110011;
	2738 :	0000101010110010;
	2737 :	0000101010110001;
	2736 :	0000101010110000;
	2735 :	0000101010101111;
	2734 :	0000101010101110;
	2733 :	0000101010101101;
	2732 :	0000101010101100;
	2731 :	0000101010101011;
	2730 :	0000101010101010;
	2729 :	0000101010101001;
	2728 :	0000101010101000;
	2727 :	0000101010100111;
	2726 :	0000101010100110;
	2725 :	0000101010100101;
	2724 :	0000101010100100;
	2723 :	0000101010100011;
	2722 :	0000101010100010;
	2721 :	0000101010100001;
	2720 :	0000101010100000;
	2719 :	0000101010011111;
	2718 :	0000101010011110;
	2717 :	0000101010011101;
	2716 :	0000101010011100;
	2715 :	0000101010011011;
	2714 :	0000101010011010;
	2713 :	0000101010011001;
	2712 :	0000101010011000;
	2711 :	0000101010010111;
	2710 :	0000101010010110;
	2709 :	0000101010010101;
	2708 :	0000101010010100;
	2707 :	0000101010010011;
	2706 :	0000101010010010;
	2705 :	0000101010010001;
	2704 :	0000101010010000;
	2703 :	0000101010001111;
	2702 :	0000101010001110;
	2701 :	0000101010001101;
	2700 :	0000101010001100;
	2699 :	0000101010001011;
	2698 :	0000101010001010;
	2697 :	0000101010001001;
	2696 :	0000101010001000;
	2695 :	0000101010000111;
	2694 :	0000101010000110;
	2693 :	0000101010000101;
	2692 :	0000101010000100;
	2691 :	0000101010000011;
	2690 :	0000101010000010;
	2689 :	0000101010000001;
	2688 :	0000101010000000;
	2687 :	0000101001111111;
	2686 :	0000101001111110;
	2685 :	0000101001111101;
	2684 :	0000101001111100;
	2683 :	0000101001111011;
	2682 :	0000101001111010;
	2681 :	0000101001111001;
	2680 :	0000101001111000;
	2679 :	0000101001110111;
	2678 :	0000101001110110;
	2677 :	0000101001110101;
	2676 :	0000101001110100;
	2675 :	0000101001110011;
	2674 :	0000101001110010;
	2673 :	0000101001110001;
	2672 :	0000101001110000;
	2671 :	0000101001101111;
	2670 :	0000101001101110;
	2669 :	0000101001101101;
	2668 :	0000101001101100;
	2667 :	0000101001101011;
	2666 :	0000101001101010;
	2665 :	0000101001101001;
	2664 :	0000101001101000;
	2663 :	0000101001100111;
	2662 :	0000101001100110;
	2661 :	0000101001100101;
	2660 :	0000101001100100;
	2659 :	0000101001100011;
	2658 :	0000101001100010;
	2657 :	0000101001100001;
	2656 :	0000101001100000;
	2655 :	0000101001011111;
	2654 :	0000101001011110;
	2653 :	0000101001011101;
	2652 :	0000101001011100;
	2651 :	0000101001011011;
	2650 :	0000101001011010;
	2649 :	0000101001011001;
	2648 :	0000101001011000;
	2647 :	0000101001010111;
	2646 :	0000101001010110;
	2645 :	0000101001010101;
	2644 :	0000101001010100;
	2643 :	0000101001010011;
	2642 :	0000101001010010;
	2641 :	0000101001010001;
	2640 :	0000101001010000;
	2639 :	0000101001001111;
	2638 :	0000101001001110;
	2637 :	0000101001001101;
	2636 :	0000101001001100;
	2635 :	0000101001001011;
	2634 :	0000101001001010;
	2633 :	0000101001001001;
	2632 :	0000101001001000;
	2631 :	0000101001000111;
	2630 :	0000101001000110;
	2629 :	0000101001000101;
	2628 :	0000101001000100;
	2627 :	0000101001000011;
	2626 :	0000101001000010;
	2625 :	0000101001000001;
	2624 :	0000101001000000;
	2623 :	0000101000111111;
	2622 :	0000101000111110;
	2621 :	0000101000111101;
	2620 :	0000101000111100;
	2619 :	0000101000111011;
	2618 :	0000101000111010;
	2617 :	0000101000111001;
	2616 :	0000101000111000;
	2615 :	0000101000110111;
	2614 :	0000101000110110;
	2613 :	0000101000110101;
	2612 :	0000101000110100;
	2611 :	0000101000110011;
	2610 :	0000101000110010;
	2609 :	0000101000110001;
	2608 :	0000101000110000;
	2607 :	0000101000101111;
	2606 :	0000101000101110;
	2605 :	0000101000101101;
	2604 :	0000101000101100;
	2603 :	0000101000101011;
	2602 :	0000101000101010;
	2601 :	0000101000101001;
	2600 :	0000101000101000;
	2599 :	0000101000100111;
	2598 :	0000101000100110;
	2597 :	0000101000100101;
	2596 :	0000101000100100;
	2595 :	0000101000100011;
	2594 :	0000101000100010;
	2593 :	0000101000100001;
	2592 :	0000101000100000;
	2591 :	0000101000011111;
	2590 :	0000101000011110;
	2589 :	0000101000011101;
	2588 :	0000101000011100;
	2587 :	0000101000011011;
	2586 :	0000101000011010;
	2585 :	0000101000011001;
	2584 :	0000101000011000;
	2583 :	0000101000010111;
	2582 :	0000101000010110;
	2581 :	0000101000010101;
	2580 :	0000101000010100;
	2579 :	0000101000010011;
	2578 :	0000101000010010;
	2577 :	0000101000010001;
	2576 :	0000101000010000;
	2575 :	0000101000001111;
	2574 :	0000101000001110;
	2573 :	0000101000001101;
	2572 :	0000101000001100;
	2571 :	0000101000001011;
	2570 :	0000101000001010;
	2569 :	0000101000001001;
	2568 :	0000101000001000;
	2567 :	0000101000000111;
	2566 :	0000101000000110;
	2565 :	0000101000000101;
	2564 :	0000101000000100;
	2563 :	0000101000000011;
	2562 :	0000101000000010;
	2561 :	0000101000000001;
	2560 :	0000101000000000;
	2559 :	0000100111111111;
	2558 :	0000100111111110;
	2557 :	0000100111111101;
	2556 :	0000100111111100;
	2555 :	0000100111111011;
	2554 :	0000100111111010;
	2553 :	0000100111111001;
	2552 :	0000100111111000;
	2551 :	0000100111110111;
	2550 :	0000100111110110;
	2549 :	0000100111110101;
	2548 :	0000100111110100;
	2547 :	0000100111110011;
	2546 :	0000100111110010;
	2545 :	0000100111110001;
	2544 :	0000100111110000;
	2543 :	0000100111101111;
	2542 :	0000100111101110;
	2541 :	0000100111101101;
	2540 :	0000100111101100;
	2539 :	0000100111101011;
	2538 :	0000100111101010;
	2537 :	0000100111101001;
	2536 :	0000100111101000;
	2535 :	0000100111100111;
	2534 :	0000100111100110;
	2533 :	0000100111100101;
	2532 :	0000100111100100;
	2531 :	0000100111100011;
	2530 :	0000100111100010;
	2529 :	0000100111100001;
	2528 :	0000100111100000;
	2527 :	0000100111011111;
	2526 :	0000100111011110;
	2525 :	0000100111011101;
	2524 :	0000100111011100;
	2523 :	0000100111011011;
	2522 :	0000100111011010;
	2521 :	0000100111011001;
	2520 :	0000100111011000;
	2519 :	0000100111010111;
	2518 :	0000100111010110;
	2517 :	0000100111010101;
	2516 :	0000100111010100;
	2515 :	0000100111010011;
	2514 :	0000100111010010;
	2513 :	0000100111010001;
	2512 :	0000100111010000;
	2511 :	0000100111001111;
	2510 :	0000100111001110;
	2509 :	0000100111001101;
	2508 :	0000100111001100;
	2507 :	0000100111001011;
	2506 :	0000100111001010;
	2505 :	0000100111001001;
	2504 :	0000100111001000;
	2503 :	0000100111000111;
	2502 :	0000100111000110;
	2501 :	0000100111000101;
	2500 :	0000100111000100;
	2499 :	0000100111000011;
	2498 :	0000100111000010;
	2497 :	0000100111000001;
	2496 :	0000100111000000;
	2495 :	0000100110111111;
	2494 :	0000100110111110;
	2493 :	0000100110111101;
	2492 :	0000100110111100;
	2491 :	0000100110111011;
	2490 :	0000100110111010;
	2489 :	0000100110111001;
	2488 :	0000100110111000;
	2487 :	0000100110110111;
	2486 :	0000100110110110;
	2485 :	0000100110110101;
	2484 :	0000100110110100;
	2483 :	0000100110110011;
	2482 :	0000100110110010;
	2481 :	0000100110110001;
	2480 :	0000100110110000;
	2479 :	0000100110101111;
	2478 :	0000100110101110;
	2477 :	0000100110101101;
	2476 :	0000100110101100;
	2475 :	0000100110101011;
	2474 :	0000100110101010;
	2473 :	0000100110101001;
	2472 :	0000100110101000;
	2471 :	0000100110100111;
	2470 :	0000100110100110;
	2469 :	0000100110100101;
	2468 :	0000100110100100;
	2467 :	0000100110100011;
	2466 :	0000100110100010;
	2465 :	0000100110100001;
	2464 :	0000100110100000;
	2463 :	0000100110011111;
	2462 :	0000100110011110;
	2461 :	0000100110011101;
	2460 :	0000100110011100;
	2459 :	0000100110011011;
	2458 :	0000100110011010;
	2457 :	0000100110011001;
	2456 :	0000100110011000;
	2455 :	0000100110010111;
	2454 :	0000100110010110;
	2453 :	0000100110010101;
	2452 :	0000100110010100;
	2451 :	0000100110010011;
	2450 :	0000100110010010;
	2449 :	0000100110010001;
	2448 :	0000100110010000;
	2447 :	0000100110001111;
	2446 :	0000100110001110;
	2445 :	0000100110001101;
	2444 :	0000100110001100;
	2443 :	0000100110001011;
	2442 :	0000100110001010;
	2441 :	0000100110001001;
	2440 :	0000100110001000;
	2439 :	0000100110000111;
	2438 :	0000100110000110;
	2437 :	0000100110000101;
	2436 :	0000100110000100;
	2435 :	0000100110000011;
	2434 :	0000100110000010;
	2433 :	0000100110000001;
	2432 :	0000100110000000;
	2431 :	0000100101111111;
	2430 :	0000100101111110;
	2429 :	0000100101111101;
	2428 :	0000100101111100;
	2427 :	0000100101111011;
	2426 :	0000100101111010;
	2425 :	0000100101111001;
	2424 :	0000100101111000;
	2423 :	0000100101110111;
	2422 :	0000100101110110;
	2421 :	0000100101110101;
	2420 :	0000100101110100;
	2419 :	0000100101110011;
	2418 :	0000100101110010;
	2417 :	0000100101110001;
	2416 :	0000100101110000;
	2415 :	0000100101101111;
	2414 :	0000100101101110;
	2413 :	0000100101101101;
	2412 :	0000100101101100;
	2411 :	0000100101101011;
	2410 :	0000100101101010;
	2409 :	0000100101101001;
	2408 :	0000100101101000;
	2407 :	0000100101100111;
	2406 :	0000100101100110;
	2405 :	0000100101100101;
	2404 :	0000100101100100;
	2403 :	0000100101100011;
	2402 :	0000100101100010;
	2401 :	0000100101100001;
	2400 :	0000100101100000;
	2399 :	0000100101011111;
	2398 :	0000100101011110;
	2397 :	0000100101011101;
	2396 :	0000100101011100;
	2395 :	0000100101011011;
	2394 :	0000100101011010;
	2393 :	0000100101011001;
	2392 :	0000100101011000;
	2391 :	0000100101010111;
	2390 :	0000100101010110;
	2389 :	0000100101010101;
	2388 :	0000100101010100;
	2387 :	0000100101010011;
	2386 :	0000100101010010;
	2385 :	0000100101010001;
	2384 :	0000100101010000;
	2383 :	0000100101001111;
	2382 :	0000100101001110;
	2381 :	0000100101001101;
	2380 :	0000100101001100;
	2379 :	0000100101001011;
	2378 :	0000100101001010;
	2377 :	0000100101001001;
	2376 :	0000100101001000;
	2375 :	0000100101000111;
	2374 :	0000100101000110;
	2373 :	0000100101000101;
	2372 :	0000100101000100;
	2371 :	0000100101000011;
	2370 :	0000100101000010;
	2369 :	0000100101000001;
	2368 :	0000100101000000;
	2367 :	0000100100111111;
	2366 :	0000100100111110;
	2365 :	0000100100111101;
	2364 :	0000100100111100;
	2363 :	0000100100111011;
	2362 :	0000100100111010;
	2361 :	0000100100111001;
	2360 :	0000100100111000;
	2359 :	0000100100110111;
	2358 :	0000100100110110;
	2357 :	0000100100110101;
	2356 :	0000100100110100;
	2355 :	0000100100110011;
	2354 :	0000100100110010;
	2353 :	0000100100110001;
	2352 :	0000100100110000;
	2351 :	0000100100101111;
	2350 :	0000100100101110;
	2349 :	0000100100101101;
	2348 :	0000100100101100;
	2347 :	0000100100101011;
	2346 :	0000100100101010;
	2345 :	0000100100101001;
	2344 :	0000100100101000;
	2343 :	0000100100100111;
	2342 :	0000100100100110;
	2341 :	0000100100100101;
	2340 :	0000100100100100;
	2339 :	0000100100100011;
	2338 :	0000100100100010;
	2337 :	0000100100100001;
	2336 :	0000100100100000;
	2335 :	0000100100011111;
	2334 :	0000100100011110;
	2333 :	0000100100011101;
	2332 :	0000100100011100;
	2331 :	0000100100011011;
	2330 :	0000100100011010;
	2329 :	0000100100011001;
	2328 :	0000100100011000;
	2327 :	0000100100010111;
	2326 :	0000100100010110;
	2325 :	0000100100010101;
	2324 :	0000100100010100;
	2323 :	0000100100010011;
	2322 :	0000100100010010;
	2321 :	0000100100010001;
	2320 :	0000100100010000;
	2319 :	0000100100001111;
	2318 :	0000100100001110;
	2317 :	0000100100001101;
	2316 :	0000100100001100;
	2315 :	0000100100001011;
	2314 :	0000100100001010;
	2313 :	0000100100001001;
	2312 :	0000100100001000;
	2311 :	0000100100000111;
	2310 :	0000100100000110;
	2309 :	0000100100000101;
	2308 :	0000100100000100;
	2307 :	0000100100000011;
	2306 :	0000100100000010;
	2305 :	0000100100000001;
	2304 :	0000100100000000;
	2303 :	0000100011111111;
	2302 :	0000100011111110;
	2301 :	0000100011111101;
	2300 :	0000100011111100;
	2299 :	0000100011111011;
	2298 :	0000100011111010;
	2297 :	0000100011111001;
	2296 :	0000100011111000;
	2295 :	0000100011110111;
	2294 :	0000100011110110;
	2293 :	0000100011110101;
	2292 :	0000100011110100;
	2291 :	0000100011110011;
	2290 :	0000100011110010;
	2289 :	0000100011110001;
	2288 :	0000100011110000;
	2287 :	0000100011101111;
	2286 :	0000100011101110;
	2285 :	0000100011101101;
	2284 :	0000100011101100;
	2283 :	0000100011101011;
	2282 :	0000100011101010;
	2281 :	0000100011101001;
	2280 :	0000100011101000;
	2279 :	0000100011100111;
	2278 :	0000100011100110;
	2277 :	0000100011100101;
	2276 :	0000100011100100;
	2275 :	0000100011100011;
	2274 :	0000100011100010;
	2273 :	0000100011100001;
	2272 :	0000100011100000;
	2271 :	0000100011011111;
	2270 :	0000100011011110;
	2269 :	0000100011011101;
	2268 :	0000100011011100;
	2267 :	0000100011011011;
	2266 :	0000100011011010;
	2265 :	0000100011011001;
	2264 :	0000100011011000;
	2263 :	0000100011010111;
	2262 :	0000100011010110;
	2261 :	0000100011010101;
	2260 :	0000100011010100;
	2259 :	0000100011010011;
	2258 :	0000100011010010;
	2257 :	0000100011010001;
	2256 :	0000100011010000;
	2255 :	0000100011001111;
	2254 :	0000100011001110;
	2253 :	0000100011001101;
	2252 :	0000100011001100;
	2251 :	0000100011001011;
	2250 :	0000100011001010;
	2249 :	0000100011001001;
	2248 :	0000100011001000;
	2247 :	0000100011000111;
	2246 :	0000100011000110;
	2245 :	0000100011000101;
	2244 :	0000100011000100;
	2243 :	0000100011000011;
	2242 :	0000100011000010;
	2241 :	0000100011000001;
	2240 :	0000100011000000;
	2239 :	0000100010111111;
	2238 :	0000100010111110;
	2237 :	0000100010111101;
	2236 :	0000100010111100;
	2235 :	0000100010111011;
	2234 :	0000100010111010;
	2233 :	0000100010111001;
	2232 :	0000100010111000;
	2231 :	0000100010110111;
	2230 :	0000100010110110;
	2229 :	0000100010110101;
	2228 :	0000100010110100;
	2227 :	0000100010110011;
	2226 :	0000100010110010;
	2225 :	0000100010110001;
	2224 :	0000100010110000;
	2223 :	0000100010101111;
	2222 :	0000100010101110;
	2221 :	0000100010101101;
	2220 :	0000100010101100;
	2219 :	0000100010101011;
	2218 :	0000100010101010;
	2217 :	0000100010101001;
	2216 :	0000100010101000;
	2215 :	0000100010100111;
	2214 :	0000100010100110;
	2213 :	0000100010100101;
	2212 :	0000100010100100;
	2211 :	0000100010100011;
	2210 :	0000100010100010;
	2209 :	0000100010100001;
	2208 :	0000100010100000;
	2207 :	0000100010011111;
	2206 :	0000100010011110;
	2205 :	0000100010011101;
	2204 :	0000100010011100;
	2203 :	0000100010011011;
	2202 :	0000100010011010;
	2201 :	0000100010011001;
	2200 :	0000100010011000;
	2199 :	0000100010010111;
	2198 :	0000100010010110;
	2197 :	0000100010010101;
	2196 :	0000100010010100;
	2195 :	0000100010010011;
	2194 :	0000100010010010;
	2193 :	0000100010010001;
	2192 :	0000100010010000;
	2191 :	0000100010001111;
	2190 :	0000100010001110;
	2189 :	0000100010001101;
	2188 :	0000100010001100;
	2187 :	0000100010001011;
	2186 :	0000100010001010;
	2185 :	0000100010001001;
	2184 :	0000100010001000;
	2183 :	0000100010000111;
	2182 :	0000100010000110;
	2181 :	0000100010000101;
	2180 :	0000100010000100;
	2179 :	0000100010000011;
	2178 :	0000100010000010;
	2177 :	0000100010000001;
	2176 :	0000100010000000;
	2175 :	0000100001111111;
	2174 :	0000100001111110;
	2173 :	0000100001111101;
	2172 :	0000100001111100;
	2171 :	0000100001111011;
	2170 :	0000100001111010;
	2169 :	0000100001111001;
	2168 :	0000100001111000;
	2167 :	0000100001110111;
	2166 :	0000100001110110;
	2165 :	0000100001110101;
	2164 :	0000100001110100;
	2163 :	0000100001110011;
	2162 :	0000100001110010;
	2161 :	0000100001110001;
	2160 :	0000100001110000;
	2159 :	0000100001101111;
	2158 :	0000100001101110;
	2157 :	0000100001101101;
	2156 :	0000100001101100;
	2155 :	0000100001101011;
	2154 :	0000100001101010;
	2153 :	0000100001101001;
	2152 :	0000100001101000;
	2151 :	0000100001100111;
	2150 :	0000100001100110;
	2149 :	0000100001100101;
	2148 :	0000100001100100;
	2147 :	0000100001100011;
	2146 :	0000100001100010;
	2145 :	0000100001100001;
	2144 :	0000100001100000;
	2143 :	0000100001011111;
	2142 :	0000100001011110;
	2141 :	0000100001011101;
	2140 :	0000100001011100;
	2139 :	0000100001011011;
	2138 :	0000100001011010;
	2137 :	0000100001011001;
	2136 :	0000100001011000;
	2135 :	0000100001010111;
	2134 :	0000100001010110;
	2133 :	0000100001010101;
	2132 :	0000100001010100;
	2131 :	0000100001010011;
	2130 :	0000100001010010;
	2129 :	0000100001010001;
	2128 :	0000100001010000;
	2127 :	0000100001001111;
	2126 :	0000100001001110;
	2125 :	0000100001001101;
	2124 :	0000100001001100;
	2123 :	0000100001001011;
	2122 :	0000100001001010;
	2121 :	0000100001001001;
	2120 :	0000100001001000;
	2119 :	0000100001000111;
	2118 :	0000100001000110;
	2117 :	0000100001000101;
	2116 :	0000100001000100;
	2115 :	0000100001000011;
	2114 :	0000100001000010;
	2113 :	0000100001000001;
	2112 :	0000100001000000;
	2111 :	0000100000111111;
	2110 :	0000100000111110;
	2109 :	0000100000111101;
	2108 :	0000100000111100;
	2107 :	0000100000111011;
	2106 :	0000100000111010;
	2105 :	0000100000111001;
	2104 :	0000100000111000;
	2103 :	0000100000110111;
	2102 :	0000100000110110;
	2101 :	0000100000110101;
	2100 :	0000100000110100;
	2099 :	0000100000110011;
	2098 :	0000100000110010;
	2097 :	0000100000110001;
	2096 :	0000100000110000;
	2095 :	0000100000101111;
	2094 :	0000100000101110;
	2093 :	0000100000101101;
	2092 :	0000100000101100;
	2091 :	0000100000101011;
	2090 :	0000100000101010;
	2089 :	0000100000101001;
	2088 :	0000100000101000;
	2087 :	0000100000100111;
	2086 :	0000100000100110;
	2085 :	0000100000100101;
	2084 :	0000100000100100;
	2083 :	0000100000100011;
	2082 :	0000100000100010;
	2081 :	0000100000100001;
	2080 :	0000100000100000;
	2079 :	0000100000011111;
	2078 :	0000100000011110;
	2077 :	0000100000011101;
	2076 :	0000100000011100;
	2075 :	0000100000011011;
	2074 :	0000100000011010;
	2073 :	0000100000011001;
	2072 :	0000100000011000;
	2071 :	0000100000010111;
	2070 :	0000100000010110;
	2069 :	0000100000010101;
	2068 :	0000100000010100;
	2067 :	0000100000010011;
	2066 :	0000100000010010;
	2065 :	0000100000010001;
	2064 :	0000100000010000;
	2063 :	0000100000001111;
	2062 :	0000100000001110;
	2061 :	0000100000001101;
	2060 :	0000100000001100;
	2059 :	0000100000001011;
	2058 :	0000100000001010;
	2057 :	0000100000001001;
	2056 :	0000100000001000;
	2055 :	0000100000000111;
	2054 :	0000100000000110;
	2053 :	0000100000000101;
	2052 :	0000100000000100;
	2051 :	0000100000000011;
	2050 :	0000100000000010;
	2049 :	0000100000000001;
	2048 :	0000100000000000;
	2047 :	0000011111111111;
	2046 :	0000011111111110;
	2045 :	0000011111111101;
	2044 :	0000011111111100;
	2043 :	0000011111111011;
	2042 :	0000011111111010;
	2041 :	0000011111111001;
	2040 :	0000011111111000;
	2039 :	0000011111110111;
	2038 :	0000011111110110;
	2037 :	0000011111110101;
	2036 :	0000011111110100;
	2035 :	0000011111110011;
	2034 :	0000011111110010;
	2033 :	0000011111110001;
	2032 :	0000011111110000;
	2031 :	0000011111101111;
	2030 :	0000011111101110;
	2029 :	0000011111101101;
	2028 :	0000011111101100;
	2027 :	0000011111101011;
	2026 :	0000011111101010;
	2025 :	0000011111101001;
	2024 :	0000011111101000;
	2023 :	0000011111100111;
	2022 :	0000011111100110;
	2021 :	0000011111100101;
	2020 :	0000011111100100;
	2019 :	0000011111100011;
	2018 :	0000011111100010;
	2017 :	0000011111100001;
	2016 :	0000011111100000;
	2015 :	0000011111011111;
	2014 :	0000011111011110;
	2013 :	0000011111011101;
	2012 :	0000011111011100;
	2011 :	0000011111011011;
	2010 :	0000011111011010;
	2009 :	0000011111011001;
	2008 :	0000011111011000;
	2007 :	0000011111010111;
	2006 :	0000011111010110;
	2005 :	0000011111010101;
	2004 :	0000011111010100;
	2003 :	0000011111010011;
	2002 :	0000011111010010;
	2001 :	0000011111010001;
	2000 :	0000011111010000;
	1999 :	0000011111001111;
	1998 :	0000011111001110;
	1997 :	0000011111001101;
	1996 :	0000011111001100;
	1995 :	0000011111001011;
	1994 :	0000011111001010;
	1993 :	0000011111001001;
	1992 :	0000011111001000;
	1991 :	0000011111000111;
	1990 :	0000011111000110;
	1989 :	0000011111000101;
	1988 :	0000011111000100;
	1987 :	0000011111000011;
	1986 :	0000011111000010;
	1985 :	0000011111000001;
	1984 :	0000011111000000;
	1983 :	0000011110111111;
	1982 :	0000011110111110;
	1981 :	0000011110111101;
	1980 :	0000011110111100;
	1979 :	0000011110111011;
	1978 :	0000011110111010;
	1977 :	0000011110111001;
	1976 :	0000011110111000;
	1975 :	0000011110110111;
	1974 :	0000011110110110;
	1973 :	0000011110110101;
	1972 :	0000011110110100;
	1971 :	0000011110110011;
	1970 :	0000011110110010;
	1969 :	0000011110110001;
	1968 :	0000011110110000;
	1967 :	0000011110101111;
	1966 :	0000011110101110;
	1965 :	0000011110101101;
	1964 :	0000011110101100;
	1963 :	0000011110101011;
	1962 :	0000011110101010;
	1961 :	0000011110101001;
	1960 :	0000011110101000;
	1959 :	0000011110100111;
	1958 :	0000011110100110;
	1957 :	0000011110100101;
	1956 :	0000011110100100;
	1955 :	0000011110100011;
	1954 :	0000011110100010;
	1953 :	0000011110100001;
	1952 :	0000011110100000;
	1951 :	0000011110011111;
	1950 :	0000011110011110;
	1949 :	0000011110011101;
	1948 :	0000011110011100;
	1947 :	0000011110011011;
	1946 :	0000011110011010;
	1945 :	0000011110011001;
	1944 :	0000011110011000;
	1943 :	0000011110010111;
	1942 :	0000011110010110;
	1941 :	0000011110010101;
	1940 :	0000011110010100;
	1939 :	0000011110010011;
	1938 :	0000011110010010;
	1937 :	0000011110010001;
	1936 :	0000011110010000;
	1935 :	0000011110001111;
	1934 :	0000011110001110;
	1933 :	0000011110001101;
	1932 :	0000011110001100;
	1931 :	0000011110001011;
	1930 :	0000011110001010;
	1929 :	0000011110001001;
	1928 :	0000011110001000;
	1927 :	0000011110000111;
	1926 :	0000011110000110;
	1925 :	0000011110000101;
	1924 :	0000011110000100;
	1923 :	0000011110000011;
	1922 :	0000011110000010;
	1921 :	0000011110000001;
	1920 :	0000011110000000;
	1919 :	0000011101111111;
	1918 :	0000011101111110;
	1917 :	0000011101111101;
	1916 :	0000011101111100;
	1915 :	0000011101111011;
	1914 :	0000011101111010;
	1913 :	0000011101111001;
	1912 :	0000011101111000;
	1911 :	0000011101110111;
	1910 :	0000011101110110;
	1909 :	0000011101110101;
	1908 :	0000011101110100;
	1907 :	0000011101110011;
	1906 :	0000011101110010;
	1905 :	0000011101110001;
	1904 :	0000011101110000;
	1903 :	0000011101101111;
	1902 :	0000011101101110;
	1901 :	0000011101101101;
	1900 :	0000011101101100;
	1899 :	0000011101101011;
	1898 :	0000011101101010;
	1897 :	0000011101101001;
	1896 :	0000011101101000;
	1895 :	0000011101100111;
	1894 :	0000011101100110;
	1893 :	0000011101100101;
	1892 :	0000011101100100;
	1891 :	0000011101100011;
	1890 :	0000011101100010;
	1889 :	0000011101100001;
	1888 :	0000011101100000;
	1887 :	0000011101011111;
	1886 :	0000011101011110;
	1885 :	0000011101011101;
	1884 :	0000011101011100;
	1883 :	0000011101011011;
	1882 :	0000011101011010;
	1881 :	0000011101011001;
	1880 :	0000011101011000;
	1879 :	0000011101010111;
	1878 :	0000011101010110;
	1877 :	0000011101010101;
	1876 :	0000011101010100;
	1875 :	0000011101010011;
	1874 :	0000011101010010;
	1873 :	0000011101010001;
	1872 :	0000011101010000;
	1871 :	0000011101001111;
	1870 :	0000011101001110;
	1869 :	0000011101001101;
	1868 :	0000011101001100;
	1867 :	0000011101001011;
	1866 :	0000011101001010;
	1865 :	0000011101001001;
	1864 :	0000011101001000;
	1863 :	0000011101000111;
	1862 :	0000011101000110;
	1861 :	0000011101000101;
	1860 :	0000011101000100;
	1859 :	0000011101000011;
	1858 :	0000011101000010;
	1857 :	0000011101000001;
	1856 :	0000011101000000;
	1855 :	0000011100111111;
	1854 :	0000011100111110;
	1853 :	0000011100111101;
	1852 :	0000011100111100;
	1851 :	0000011100111011;
	1850 :	0000011100111010;
	1849 :	0000011100111001;
	1848 :	0000011100111000;
	1847 :	0000011100110111;
	1846 :	0000011100110110;
	1845 :	0000011100110101;
	1844 :	0000011100110100;
	1843 :	0000011100110011;
	1842 :	0000011100110010;
	1841 :	0000011100110001;
	1840 :	0000011100110000;
	1839 :	0000011100101111;
	1838 :	0000011100101110;
	1837 :	0000011100101101;
	1836 :	0000011100101100;
	1835 :	0000011100101011;
	1834 :	0000011100101010;
	1833 :	0000011100101001;
	1832 :	0000011100101000;
	1831 :	0000011100100111;
	1830 :	0000011100100110;
	1829 :	0000011100100101;
	1828 :	0000011100100100;
	1827 :	0000011100100011;
	1826 :	0000011100100010;
	1825 :	0000011100100001;
	1824 :	0000011100100000;
	1823 :	0000011100011111;
	1822 :	0000011100011110;
	1821 :	0000011100011101;
	1820 :	0000011100011100;
	1819 :	0000011100011011;
	1818 :	0000011100011010;
	1817 :	0000011100011001;
	1816 :	0000011100011000;
	1815 :	0000011100010111;
	1814 :	0000011100010110;
	1813 :	0000011100010101;
	1812 :	0000011100010100;
	1811 :	0000011100010011;
	1810 :	0000011100010010;
	1809 :	0000011100010001;
	1808 :	0000011100010000;
	1807 :	0000011100001111;
	1806 :	0000011100001110;
	1805 :	0000011100001101;
	1804 :	0000011100001100;
	1803 :	0000011100001011;
	1802 :	0000011100001010;
	1801 :	0000011100001001;
	1800 :	0000011100001000;
	1799 :	0000011100000111;
	1798 :	0000011100000110;
	1797 :	0000011100000101;
	1796 :	0000011100000100;
	1795 :	0000011100000011;
	1794 :	0000011100000010;
	1793 :	0000011100000001;
	1792 :	0000011100000000;
	1791 :	0000011011111111;
	1790 :	0000011011111110;
	1789 :	0000011011111101;
	1788 :	0000011011111100;
	1787 :	0000011011111011;
	1786 :	0000011011111010;
	1785 :	0000011011111001;
	1784 :	0000011011111000;
	1783 :	0000011011110111;
	1782 :	0000011011110110;
	1781 :	0000011011110101;
	1780 :	0000011011110100;
	1779 :	0000011011110011;
	1778 :	0000011011110010;
	1777 :	0000011011110001;
	1776 :	0000011011110000;
	1775 :	0000011011101111;
	1774 :	0000011011101110;
	1773 :	0000011011101101;
	1772 :	0000011011101100;
	1771 :	0000011011101011;
	1770 :	0000011011101010;
	1769 :	0000011011101001;
	1768 :	0000011011101000;
	1767 :	0000011011100111;
	1766 :	0000011011100110;
	1765 :	0000011011100101;
	1764 :	0000011011100100;
	1763 :	0000011011100011;
	1762 :	0000011011100010;
	1761 :	0000011011100001;
	1760 :	0000011011100000;
	1759 :	0000011011011111;
	1758 :	0000011011011110;
	1757 :	0000011011011101;
	1756 :	0000011011011100;
	1755 :	0000011011011011;
	1754 :	0000011011011010;
	1753 :	0000011011011001;
	1752 :	0000011011011000;
	1751 :	0000011011010111;
	1750 :	0000011011010110;
	1749 :	0000011011010101;
	1748 :	0000011011010100;
	1747 :	0000011011010011;
	1746 :	0000011011010010;
	1745 :	0000011011010001;
	1744 :	0000011011010000;
	1743 :	0000011011001111;
	1742 :	0000011011001110;
	1741 :	0000011011001101;
	1740 :	0000011011001100;
	1739 :	0000011011001011;
	1738 :	0000011011001010;
	1737 :	0000011011001001;
	1736 :	0000011011001000;
	1735 :	0000011011000111;
	1734 :	0000011011000110;
	1733 :	0000011011000101;
	1732 :	0000011011000100;
	1731 :	0000011011000011;
	1730 :	0000011011000010;
	1729 :	0000011011000001;
	1728 :	0000011011000000;
	1727 :	0000011010111111;
	1726 :	0000011010111110;
	1725 :	0000011010111101;
	1724 :	0000011010111100;
	1723 :	0000011010111011;
	1722 :	0000011010111010;
	1721 :	0000011010111001;
	1720 :	0000011010111000;
	1719 :	0000011010110111;
	1718 :	0000011010110110;
	1717 :	0000011010110101;
	1716 :	0000011010110100;
	1715 :	0000011010110011;
	1714 :	0000011010110010;
	1713 :	0000011010110001;
	1712 :	0000011010110000;
	1711 :	0000011010101111;
	1710 :	0000011010101110;
	1709 :	0000011010101101;
	1708 :	0000011010101100;
	1707 :	0000011010101011;
	1706 :	0000011010101010;
	1705 :	0000011010101001;
	1704 :	0000011010101000;
	1703 :	0000011010100111;
	1702 :	0000011010100110;
	1701 :	0000011010100101;
	1700 :	0000011010100100;
	1699 :	0000011010100011;
	1698 :	0000011010100010;
	1697 :	0000011010100001;
	1696 :	0000011010100000;
	1695 :	0000011010011111;
	1694 :	0000011010011110;
	1693 :	0000011010011101;
	1692 :	0000011010011100;
	1691 :	0000011010011011;
	1690 :	0000011010011010;
	1689 :	0000011010011001;
	1688 :	0000011010011000;
	1687 :	0000011010010111;
	1686 :	0000011010010110;
	1685 :	0000011010010101;
	1684 :	0000011010010100;
	1683 :	0000011010010011;
	1682 :	0000011010010010;
	1681 :	0000011010010001;
	1680 :	0000011010010000;
	1679 :	0000011010001111;
	1678 :	0000011010001110;
	1677 :	0000011010001101;
	1676 :	0000011010001100;
	1675 :	0000011010001011;
	1674 :	0000011010001010;
	1673 :	0000011010001001;
	1672 :	0000011010001000;
	1671 :	0000011010000111;
	1670 :	0000011010000110;
	1669 :	0000011010000101;
	1668 :	0000011010000100;
	1667 :	0000011010000011;
	1666 :	0000011010000010;
	1665 :	0000011010000001;
	1664 :	0000011010000000;
	1663 :	0000011001111111;
	1662 :	0000011001111110;
	1661 :	0000011001111101;
	1660 :	0000011001111100;
	1659 :	0000011001111011;
	1658 :	0000011001111010;
	1657 :	0000011001111001;
	1656 :	0000011001111000;
	1655 :	0000011001110111;
	1654 :	0000011001110110;
	1653 :	0000011001110101;
	1652 :	0000011001110100;
	1651 :	0000011001110011;
	1650 :	0000011001110010;
	1649 :	0000011001110001;
	1648 :	0000011001110000;
	1647 :	0000011001101111;
	1646 :	0000011001101110;
	1645 :	0000011001101101;
	1644 :	0000011001101100;
	1643 :	0000011001101011;
	1642 :	0000011001101010;
	1641 :	0000011001101001;
	1640 :	0000011001101000;
	1639 :	0000011001100111;
	1638 :	0000011001100110;
	1637 :	0000011001100101;
	1636 :	0000011001100100;
	1635 :	0000011001100011;
	1634 :	0000011001100010;
	1633 :	0000011001100001;
	1632 :	0000011001100000;
	1631 :	0000011001011111;
	1630 :	0000011001011110;
	1629 :	0000011001011101;
	1628 :	0000011001011100;
	1627 :	0000011001011011;
	1626 :	0000011001011010;
	1625 :	0000011001011001;
	1624 :	0000011001011000;
	1623 :	0000011001010111;
	1622 :	0000011001010110;
	1621 :	0000011001010101;
	1620 :	0000011001010100;
	1619 :	0000011001010011;
	1618 :	0000011001010010;
	1617 :	0000011001010001;
	1616 :	0000011001010000;
	1615 :	0000011001001111;
	1614 :	0000011001001110;
	1613 :	0000011001001101;
	1612 :	0000011001001100;
	1611 :	0000011001001011;
	1610 :	0000011001001010;
	1609 :	0000011001001001;
	1608 :	0000011001001000;
	1607 :	0000011001000111;
	1606 :	0000011001000110;
	1605 :	0000011001000101;
	1604 :	0000011001000100;
	1603 :	0000011001000011;
	1602 :	0000011001000010;
	1601 :	0000011001000001;
	1600 :	0000011001000000;
	1599 :	0000011000111111;
	1598 :	0000011000111110;
	1597 :	0000011000111101;
	1596 :	0000011000111100;
	1595 :	0000011000111011;
	1594 :	0000011000111010;
	1593 :	0000011000111001;
	1592 :	0000011000111000;
	1591 :	0000011000110111;
	1590 :	0000011000110110;
	1589 :	0000011000110101;
	1588 :	0000011000110100;
	1587 :	0000011000110011;
	1586 :	0000011000110010;
	1585 :	0000011000110001;
	1584 :	0000011000110000;
	1583 :	0000011000101111;
	1582 :	0000011000101110;
	1581 :	0000011000101101;
	1580 :	0000011000101100;
	1579 :	0000011000101011;
	1578 :	0000011000101010;
	1577 :	0000011000101001;
	1576 :	0000011000101000;
	1575 :	0000011000100111;
	1574 :	0000011000100110;
	1573 :	0000011000100101;
	1572 :	0000011000100100;
	1571 :	0000011000100011;
	1570 :	0000011000100010;
	1569 :	0000011000100001;
	1568 :	0000011000100000;
	1567 :	0000011000011111;
	1566 :	0000011000011110;
	1565 :	0000011000011101;
	1564 :	0000011000011100;
	1563 :	0000011000011011;
	1562 :	0000011000011010;
	1561 :	0000011000011001;
	1560 :	0000011000011000;
	1559 :	0000011000010111;
	1558 :	0000011000010110;
	1557 :	0000011000010101;
	1556 :	0000011000010100;
	1555 :	0000011000010011;
	1554 :	0000011000010010;
	1553 :	0000011000010001;
	1552 :	0000011000010000;
	1551 :	0000011000001111;
	1550 :	0000011000001110;
	1549 :	0000011000001101;
	1548 :	0000011000001100;
	1547 :	0000011000001011;
	1546 :	0000011000001010;
	1545 :	0000011000001001;
	1544 :	0000011000001000;
	1543 :	0000011000000111;
	1542 :	0000011000000110;
	1541 :	0000011000000101;
	1540 :	0000011000000100;
	1539 :	0000011000000011;
	1538 :	0000011000000010;
	1537 :	0000011000000001;
	1536 :	0000011000000000;
	1535 :	0000010111111111;
	1534 :	0000010111111110;
	1533 :	0000010111111101;
	1532 :	0000010111111100;
	1531 :	0000010111111011;
	1530 :	0000010111111010;
	1529 :	0000010111111001;
	1528 :	0000010111111000;
	1527 :	0000010111110111;
	1526 :	0000010111110110;
	1525 :	0000010111110101;
	1524 :	0000010111110100;
	1523 :	0000010111110011;
	1522 :	0000010111110010;
	1521 :	0000010111110001;
	1520 :	0000010111110000;
	1519 :	0000010111101111;
	1518 :	0000010111101110;
	1517 :	0000010111101101;
	1516 :	0000010111101100;
	1515 :	0000010111101011;
	1514 :	0000010111101010;
	1513 :	0000010111101001;
	1512 :	0000010111101000;
	1511 :	0000010111100111;
	1510 :	0000010111100110;
	1509 :	0000010111100101;
	1508 :	0000010111100100;
	1507 :	0000010111100011;
	1506 :	0000010111100010;
	1505 :	0000010111100001;
	1504 :	0000010111100000;
	1503 :	0000010111011111;
	1502 :	0000010111011110;
	1501 :	0000010111011101;
	1500 :	0000010111011100;
	1499 :	0000010111011011;
	1498 :	0000010111011010;
	1497 :	0000010111011001;
	1496 :	0000010111011000;
	1495 :	0000010111010111;
	1494 :	0000010111010110;
	1493 :	0000010111010101;
	1492 :	0000010111010100;
	1491 :	0000010111010011;
	1490 :	0000010111010010;
	1489 :	0000010111010001;
	1488 :	0000010111010000;
	1487 :	0000010111001111;
	1486 :	0000010111001110;
	1485 :	0000010111001101;
	1484 :	0000010111001100;
	1483 :	0000010111001011;
	1482 :	0000010111001010;
	1481 :	0000010111001001;
	1480 :	0000010111001000;
	1479 :	0000010111000111;
	1478 :	0000010111000110;
	1477 :	0000010111000101;
	1476 :	0000010111000100;
	1475 :	0000010111000011;
	1474 :	0000010111000010;
	1473 :	0000010111000001;
	1472 :	0000010111000000;
	1471 :	0000010110111111;
	1470 :	0000010110111110;
	1469 :	0000010110111101;
	1468 :	0000010110111100;
	1467 :	0000010110111011;
	1466 :	0000010110111010;
	1465 :	0000010110111001;
	1464 :	0000010110111000;
	1463 :	0000010110110111;
	1462 :	0000010110110110;
	1461 :	0000010110110101;
	1460 :	0000010110110100;
	1459 :	0000010110110011;
	1458 :	0000010110110010;
	1457 :	0000010110110001;
	1456 :	0000010110110000;
	1455 :	0000010110101111;
	1454 :	0000010110101110;
	1453 :	0000010110101101;
	1452 :	0000010110101100;
	1451 :	0000010110101011;
	1450 :	0000010110101010;
	1449 :	0000010110101001;
	1448 :	0000010110101000;
	1447 :	0000010110100111;
	1446 :	0000010110100110;
	1445 :	0000010110100101;
	1444 :	0000010110100100;
	1443 :	0000010110100011;
	1442 :	0000010110100010;
	1441 :	0000010110100001;
	1440 :	0000010110100000;
	1439 :	0000010110011111;
	1438 :	0000010110011110;
	1437 :	0000010110011101;
	1436 :	0000010110011100;
	1435 :	0000010110011011;
	1434 :	0000010110011010;
	1433 :	0000010110011001;
	1432 :	0000010110011000;
	1431 :	0000010110010111;
	1430 :	0000010110010110;
	1429 :	0000010110010101;
	1428 :	0000010110010100;
	1427 :	0000010110010011;
	1426 :	0000010110010010;
	1425 :	0000010110010001;
	1424 :	0000010110010000;
	1423 :	0000010110001111;
	1422 :	0000010110001110;
	1421 :	0000010110001101;
	1420 :	0000010110001100;
	1419 :	0000010110001011;
	1418 :	0000010110001010;
	1417 :	0000010110001001;
	1416 :	0000010110001000;
	1415 :	0000010110000111;
	1414 :	0000010110000110;
	1413 :	0000010110000101;
	1412 :	0000010110000100;
	1411 :	0000010110000011;
	1410 :	0000010110000010;
	1409 :	0000010110000001;
	1408 :	0000010110000000;
	1407 :	0000010101111111;
	1406 :	0000010101111110;
	1405 :	0000010101111101;
	1404 :	0000010101111100;
	1403 :	0000010101111011;
	1402 :	0000010101111010;
	1401 :	0000010101111001;
	1400 :	0000010101111000;
	1399 :	0000010101110111;
	1398 :	0000010101110110;
	1397 :	0000010101110101;
	1396 :	0000010101110100;
	1395 :	0000010101110011;
	1394 :	0000010101110010;
	1393 :	0000010101110001;
	1392 :	0000010101110000;
	1391 :	0000010101101111;
	1390 :	0000010101101110;
	1389 :	0000010101101101;
	1388 :	0000010101101100;
	1387 :	0000010101101011;
	1386 :	0000010101101010;
	1385 :	0000010101101001;
	1384 :	0000010101101000;
	1383 :	0000010101100111;
	1382 :	0000010101100110;
	1381 :	0000010101100101;
	1380 :	0000010101100100;
	1379 :	0000010101100011;
	1378 :	0000010101100010;
	1377 :	0000010101100001;
	1376 :	0000010101100000;
	1375 :	0000010101011111;
	1374 :	0000010101011110;
	1373 :	0000010101011101;
	1372 :	0000010101011100;
	1371 :	0000010101011011;
	1370 :	0000010101011010;
	1369 :	0000010101011001;
	1368 :	0000010101011000;
	1367 :	0000010101010111;
	1366 :	0000010101010110;
	1365 :	0000010101010101;
	1364 :	0000010101010100;
	1363 :	0000010101010011;
	1362 :	0000010101010010;
	1361 :	0000010101010001;
	1360 :	0000010101010000;
	1359 :	0000010101001111;
	1358 :	0000010101001110;
	1357 :	0000010101001101;
	1356 :	0000010101001100;
	1355 :	0000010101001011;
	1354 :	0000010101001010;
	1353 :	0000010101001001;
	1352 :	0000010101001000;
	1351 :	0000010101000111;
	1350 :	0000010101000110;
	1349 :	0000010101000101;
	1348 :	0000010101000100;
	1347 :	0000010101000011;
	1346 :	0000010101000010;
	1345 :	0000010101000001;
	1344 :	0000010101000000;
	1343 :	0000010100111111;
	1342 :	0000010100111110;
	1341 :	0000010100111101;
	1340 :	0000010100111100;
	1339 :	0000010100111011;
	1338 :	0000010100111010;
	1337 :	0000010100111001;
	1336 :	0000010100111000;
	1335 :	0000010100110111;
	1334 :	0000010100110110;
	1333 :	0000010100110101;
	1332 :	0000010100110100;
	1331 :	0000010100110011;
	1330 :	0000010100110010;
	1329 :	0000010100110001;
	1328 :	0000010100110000;
	1327 :	0000010100101111;
	1326 :	0000010100101110;
	1325 :	0000010100101101;
	1324 :	0000010100101100;
	1323 :	0000010100101011;
	1322 :	0000010100101010;
	1321 :	0000010100101001;
	1320 :	0000010100101000;
	1319 :	0000010100100111;
	1318 :	0000010100100110;
	1317 :	0000010100100101;
	1316 :	0000010100100100;
	1315 :	0000010100100011;
	1314 :	0000010100100010;
	1313 :	0000010100100001;
	1312 :	0000010100100000;
	1311 :	0000010100011111;
	1310 :	0000010100011110;
	1309 :	0000010100011101;
	1308 :	0000010100011100;
	1307 :	0000010100011011;
	1306 :	0000010100011010;
	1305 :	0000010100011001;
	1304 :	0000010100011000;
	1303 :	0000010100010111;
	1302 :	0000010100010110;
	1301 :	0000010100010101;
	1300 :	0000010100010100;
	1299 :	0000010100010011;
	1298 :	0000010100010010;
	1297 :	0000010100010001;
	1296 :	0000010100010000;
	1295 :	0000010100001111;
	1294 :	0000010100001110;
	1293 :	0000010100001101;
	1292 :	0000010100001100;
	1291 :	0000010100001011;
	1290 :	0000010100001010;
	1289 :	0000010100001001;
	1288 :	0000010100001000;
	1287 :	0000010100000111;
	1286 :	0000010100000110;
	1285 :	0000010100000101;
	1284 :	0000010100000100;
	1283 :	0000010100000011;
	1282 :	0000010100000010;
	1281 :	0000010100000001;
	1280 :	0000010100000000;
	1279 :	0000010011111111;
	1278 :	0000010011111110;
	1277 :	0000010011111101;
	1276 :	0000010011111100;
	1275 :	0000010011111011;
	1274 :	0000010011111010;
	1273 :	0000010011111001;
	1272 :	0000010011111000;
	1271 :	0000010011110111;
	1270 :	0000010011110110;
	1269 :	0000010011110101;
	1268 :	0000010011110100;
	1267 :	0000010011110011;
	1266 :	0000010011110010;
	1265 :	0000010011110001;
	1264 :	0000010011110000;
	1263 :	0000010011101111;
	1262 :	0000010011101110;
	1261 :	0000010011101101;
	1260 :	0000010011101100;
	1259 :	0000010011101011;
	1258 :	0000010011101010;
	1257 :	0000010011101001;
	1256 :	0000010011101000;
	1255 :	0000010011100111;
	1254 :	0000010011100110;
	1253 :	0000010011100101;
	1252 :	0000010011100100;
	1251 :	0000010011100011;
	1250 :	0000010011100010;
	1249 :	0000010011100001;
	1248 :	0000010011100000;
	1247 :	0000010011011111;
	1246 :	0000010011011110;
	1245 :	0000010011011101;
	1244 :	0000010011011100;
	1243 :	0000010011011011;
	1242 :	0000010011011010;
	1241 :	0000010011011001;
	1240 :	0000010011011000;
	1239 :	0000010011010111;
	1238 :	0000010011010110;
	1237 :	0000010011010101;
	1236 :	0000010011010100;
	1235 :	0000010011010011;
	1234 :	0000010011010010;
	1233 :	0000010011010001;
	1232 :	0000010011010000;
	1231 :	0000010011001111;
	1230 :	0000010011001110;
	1229 :	0000010011001101;
	1228 :	0000010011001100;
	1227 :	0000010011001011;
	1226 :	0000010011001010;
	1225 :	0000010011001001;
	1224 :	0000010011001000;
	1223 :	0000010011000111;
	1222 :	0000010011000110;
	1221 :	0000010011000101;
	1220 :	0000010011000100;
	1219 :	0000010011000011;
	1218 :	0000010011000010;
	1217 :	0000010011000001;
	1216 :	0000010011000000;
	1215 :	0000010010111111;
	1214 :	0000010010111110;
	1213 :	0000010010111101;
	1212 :	0000010010111100;
	1211 :	0000010010111011;
	1210 :	0000010010111010;
	1209 :	0000010010111001;
	1208 :	0000010010111000;
	1207 :	0000010010110111;
	1206 :	0000010010110110;
	1205 :	0000010010110101;
	1204 :	0000010010110100;
	1203 :	0000010010110011;
	1202 :	0000010010110010;
	1201 :	0000010010110001;
	1200 :	0000010010110000;
	1199 :	0000010010101111;
	1198 :	0000010010101110;
	1197 :	0000010010101101;
	1196 :	0000010010101100;
	1195 :	0000010010101011;
	1194 :	0000010010101010;
	1193 :	0000010010101001;
	1192 :	0000010010101000;
	1191 :	0000010010100111;
	1190 :	0000010010100110;
	1189 :	0000010010100101;
	1188 :	0000010010100100;
	1187 :	0000010010100011;
	1186 :	0000010010100010;
	1185 :	0000010010100001;
	1184 :	0000010010100000;
	1183 :	0000010010011111;
	1182 :	0000010010011110;
	1181 :	0000010010011101;
	1180 :	0000010010011100;
	1179 :	0000010010011011;
	1178 :	0000010010011010;
	1177 :	0000010010011001;
	1176 :	0000010010011000;
	1175 :	0000010010010111;
	1174 :	0000010010010110;
	1173 :	0000010010010101;
	1172 :	0000010010010100;
	1171 :	0000010010010011;
	1170 :	0000010010010010;
	1169 :	0000010010010001;
	1168 :	0000010010010000;
	1167 :	0000010010001111;
	1166 :	0000010010001110;
	1165 :	0000010010001101;
	1164 :	0000010010001100;
	1163 :	0000010010001011;
	1162 :	0000010010001010;
	1161 :	0000010010001001;
	1160 :	0000010010001000;
	1159 :	0000010010000111;
	1158 :	0000010010000110;
	1157 :	0000010010000101;
	1156 :	0000010010000100;
	1155 :	0000010010000011;
	1154 :	0000010010000010;
	1153 :	0000010010000001;
	1152 :	0000010010000000;
	1151 :	0000010001111111;
	1150 :	0000010001111110;
	1149 :	0000010001111101;
	1148 :	0000010001111100;
	1147 :	0000010001111011;
	1146 :	0000010001111010;
	1145 :	0000010001111001;
	1144 :	0000010001111000;
	1143 :	0000010001110111;
	1142 :	0000010001110110;
	1141 :	0000010001110101;
	1140 :	0000010001110100;
	1139 :	0000010001110011;
	1138 :	0000010001110010;
	1137 :	0000010001110001;
	1136 :	0000010001110000;
	1135 :	0000010001101111;
	1134 :	0000010001101110;
	1133 :	0000010001101101;
	1132 :	0000010001101100;
	1131 :	0000010001101011;
	1130 :	0000010001101010;
	1129 :	0000010001101001;
	1128 :	0000010001101000;
	1127 :	0000010001100111;
	1126 :	0000010001100110;
	1125 :	0000010001100101;
	1124 :	0000010001100100;
	1123 :	0000010001100011;
	1122 :	0000010001100010;
	1121 :	0000010001100001;
	1120 :	0000010001100000;
	1119 :	0000010001011111;
	1118 :	0000010001011110;
	1117 :	0000010001011101;
	1116 :	0000010001011100;
	1115 :	0000010001011011;
	1114 :	0000010001011010;
	1113 :	0000010001011001;
	1112 :	0000010001011000;
	1111 :	0000010001010111;
	1110 :	0000010001010110;
	1109 :	0000010001010101;
	1108 :	0000010001010100;
	1107 :	0000010001010011;
	1106 :	0000010001010010;
	1105 :	0000010001010001;
	1104 :	0000010001010000;
	1103 :	0000010001001111;
	1102 :	0000010001001110;
	1101 :	0000010001001101;
	1100 :	0000010001001100;
	1099 :	0000010001001011;
	1098 :	0000010001001010;
	1097 :	0000010001001001;
	1096 :	0000010001001000;
	1095 :	0000010001000111;
	1094 :	0000010001000110;
	1093 :	0000010001000101;
	1092 :	0000010001000100;
	1091 :	0000010001000011;
	1090 :	0000010001000010;
	1089 :	0000010001000001;
	1088 :	0000010001000000;
	1087 :	0000010000111111;
	1086 :	0000010000111110;
	1085 :	0000010000111101;
	1084 :	0000010000111100;
	1083 :	0000010000111011;
	1082 :	0000010000111010;
	1081 :	0000010000111001;
	1080 :	0000010000111000;
	1079 :	0000010000110111;
	1078 :	0000010000110110;
	1077 :	0000010000110101;
	1076 :	0000010000110100;
	1075 :	0000010000110011;
	1074 :	0000010000110010;
	1073 :	0000010000110001;
	1072 :	0000010000110000;
	1071 :	0000010000101111;
	1070 :	0000010000101110;
	1069 :	0000010000101101;
	1068 :	0000010000101100;
	1067 :	0000010000101011;
	1066 :	0000010000101010;
	1065 :	0000010000101001;
	1064 :	0000010000101000;
	1063 :	0000010000100111;
	1062 :	0000010000100110;
	1061 :	0000010000100101;
	1060 :	0000010000100100;
	1059 :	0000010000100011;
	1058 :	0000010000100010;
	1057 :	0000010000100001;
	1056 :	0000010000100000;
	1055 :	0000010000011111;
	1054 :	0000010000011110;
	1053 :	0000010000011101;
	1052 :	0000010000011100;
	1051 :	0000010000011011;
	1050 :	0000010000011010;
	1049 :	0000010000011001;
	1048 :	0000010000011000;
	1047 :	0000010000010111;
	1046 :	0000010000010110;
	1045 :	0000010000010101;
	1044 :	0000010000010100;
	1043 :	0000010000010011;
	1042 :	0000010000010010;
	1041 :	0000010000010001;
	1040 :	0000010000010000;
	1039 :	0000010000001111;
	1038 :	0000010000001110;
	1037 :	0000010000001101;
	1036 :	0000010000001100;
	1035 :	0000010000001011;
	1034 :	0000010000001010;
	1033 :	0000010000001001;
	1032 :	0000010000001000;
	1031 :	0000010000000111;
	1030 :	0000010000000110;
	1029 :	0000010000000101;
	1028 :	0000010000000100;
	1027 :	0000010000000011;
	1026 :	0000010000000010;
	1025 :	0000010000000001;
	1024 :	0000010000000000;
	1023 :	0000001111111111;
	1022 :	0000001111111110;
	1021 :	0000001111111101;
	1020 :	0000001111111100;
	1019 :	0000001111111011;
	1018 :	0000001111111010;
	1017 :	0000001111111001;
	1016 :	0000001111111000;
	1015 :	0000001111110111;
	1014 :	0000001111110110;
	1013 :	0000001111110101;
	1012 :	0000001111110100;
	1011 :	0000001111110011;
	1010 :	0000001111110010;
	1009 :	0000001111110001;
	1008 :	0000001111110000;
	1007 :	0000001111101111;
	1006 :	0000001111101110;
	1005 :	0000001111101101;
	1004 :	0000001111101100;
	1003 :	0000001111101011;
	1002 :	0000001111101010;
	1001 :	0000001111101001;
	1000 :	0000001111101000;
	999 :	0000001111100111;
	998 :	0000001111100110;
	997 :	0000001111100101;
	996 :	0000001111100100;
	995 :	0000001111100011;
	994 :	0000001111100010;
	993 :	0000001111100001;
	992 :	0000001111100000;
	991 :	0000001111011111;
	990 :	0000001111011110;
	989 :	0000001111011101;
	988 :	0000001111011100;
	987 :	0000001111011011;
	986 :	0000001111011010;
	985 :	0000001111011001;
	984 :	0000001111011000;
	983 :	0000001111010111;
	982 :	0000001111010110;
	981 :	0000001111010101;
	980 :	0000001111010100;
	979 :	0000001111010011;
	978 :	0000001111010010;
	977 :	0000001111010001;
	976 :	0000001111010000;
	975 :	0000001111001111;
	974 :	0000001111001110;
	973 :	0000001111001101;
	972 :	0000001111001100;
	971 :	0000001111001011;
	970 :	0000001111001010;
	969 :	0000001111001001;
	968 :	0000001111001000;
	967 :	0000001111000111;
	966 :	0000001111000110;
	965 :	0000001111000101;
	964 :	0000001111000100;
	963 :	0000001111000011;
	962 :	0000001111000010;
	961 :	0000001111000001;
	960 :	0000001111000000;
	959 :	0000001110111111;
	958 :	0000001110111110;
	957 :	0000001110111101;
	956 :	0000001110111100;
	955 :	0000001110111011;
	954 :	0000001110111010;
	953 :	0000001110111001;
	952 :	0000001110111000;
	951 :	0000001110110111;
	950 :	0000001110110110;
	949 :	0000001110110101;
	948 :	0000001110110100;
	947 :	0000001110110011;
	946 :	0000001110110010;
	945 :	0000001110110001;
	944 :	0000001110110000;
	943 :	0000001110101111;
	942 :	0000001110101110;
	941 :	0000001110101101;
	940 :	0000001110101100;
	939 :	0000001110101011;
	938 :	0000001110101010;
	937 :	0000001110101001;
	936 :	0000001110101000;
	935 :	0000001110100111;
	934 :	0000001110100110;
	933 :	0000001110100101;
	932 :	0000001110100100;
	931 :	0000001110100011;
	930 :	0000001110100010;
	929 :	0000001110100001;
	928 :	0000001110100000;
	927 :	0000001110011111;
	926 :	0000001110011110;
	925 :	0000001110011101;
	924 :	0000001110011100;
	923 :	0000001110011011;
	922 :	0000001110011010;
	921 :	0000001110011001;
	920 :	0000001110011000;
	919 :	0000001110010111;
	918 :	0000001110010110;
	917 :	0000001110010101;
	916 :	0000001110010100;
	915 :	0000001110010011;
	914 :	0000001110010010;
	913 :	0000001110010001;
	912 :	0000001110010000;
	911 :	0000001110001111;
	910 :	0000001110001110;
	909 :	0000001110001101;
	908 :	0000001110001100;
	907 :	0000001110001011;
	906 :	0000001110001010;
	905 :	0000001110001001;
	904 :	0000001110001000;
	903 :	0000001110000111;
	902 :	0000001110000110;
	901 :	0000001110000101;
	900 :	0000001110000100;
	899 :	0000001110000011;
	898 :	0000001110000010;
	897 :	0000001110000001;
	896 :	0000001110000000;
	895 :	0000001101111111;
	894 :	0000001101111110;
	893 :	0000001101111101;
	892 :	0000001101111100;
	891 :	0000001101111011;
	890 :	0000001101111010;
	889 :	0000001101111001;
	888 :	0000001101111000;
	887 :	0000001101110111;
	886 :	0000001101110110;
	885 :	0000001101110101;
	884 :	0000001101110100;
	883 :	0000001101110011;
	882 :	0000001101110010;
	881 :	0000001101110001;
	880 :	0000001101110000;
	879 :	0000001101101111;
	878 :	0000001101101110;
	877 :	0000001101101101;
	876 :	0000001101101100;
	875 :	0000001101101011;
	874 :	0000001101101010;
	873 :	0000001101101001;
	872 :	0000001101101000;
	871 :	0000001101100111;
	870 :	0000001101100110;
	869 :	0000001101100101;
	868 :	0000001101100100;
	867 :	0000001101100011;
	866 :	0000001101100010;
	865 :	0000001101100001;
	864 :	0000001101100000;
	863 :	0000001101011111;
	862 :	0000001101011110;
	861 :	0000001101011101;
	860 :	0000001101011100;
	859 :	0000001101011011;
	858 :	0000001101011010;
	857 :	0000001101011001;
	856 :	0000001101011000;
	855 :	0000001101010111;
	854 :	0000001101010110;
	853 :	0000001101010101;
	852 :	0000001101010100;
	851 :	0000001101010011;
	850 :	0000001101010010;
	849 :	0000001101010001;
	848 :	0000001101010000;
	847 :	0000001101001111;
	846 :	0000001101001110;
	845 :	0000001101001101;
	844 :	0000001101001100;
	843 :	0000001101001011;
	842 :	0000001101001010;
	841 :	0000001101001001;
	840 :	0000001101001000;
	839 :	0000001101000111;
	838 :	0000001101000110;
	837 :	0000001101000101;
	836 :	0000001101000100;
	835 :	0000001101000011;
	834 :	0000001101000010;
	833 :	0000001101000001;
	832 :	0000001101000000;
	831 :	0000001100111111;
	830 :	0000001100111110;
	829 :	0000001100111101;
	828 :	0000001100111100;
	827 :	0000001100111011;
	826 :	0000001100111010;
	825 :	0000001100111001;
	824 :	0000001100111000;
	823 :	0000001100110111;
	822 :	0000001100110110;
	821 :	0000001100110101;
	820 :	0000001100110100;
	819 :	0000001100110011;
	818 :	0000001100110010;
	817 :	0000001100110001;
	816 :	0000001100110000;
	815 :	0000001100101111;
	814 :	0000001100101110;
	813 :	0000001100101101;
	812 :	0000001100101100;
	811 :	0000001100101011;
	810 :	0000001100101010;
	809 :	0000001100101001;
	808 :	0000001100101000;
	807 :	0000001100100111;
	806 :	0000001100100110;
	805 :	0000001100100101;
	804 :	0000001100100100;
	803 :	0000001100100011;
	802 :	0000001100100010;
	801 :	0000001100100001;
	800 :	0000001100100000;
	799 :	0000001100011111;
	798 :	0000001100011110;
	797 :	0000001100011101;
	796 :	0000001100011100;
	795 :	0000001100011011;
	794 :	0000001100011010;
	793 :	0000001100011001;
	792 :	0000001100011000;
	791 :	0000001100010111;
	790 :	0000001100010110;
	789 :	0000001100010101;
	788 :	0000001100010100;
	787 :	0000001100010011;
	786 :	0000001100010010;
	785 :	0000001100010001;
	784 :	0000001100010000;
	783 :	0000001100001111;
	782 :	0000001100001110;
	781 :	0000001100001101;
	780 :	0000001100001100;
	779 :	0000001100001011;
	778 :	0000001100001010;
	777 :	0000001100001001;
	776 :	0000001100001000;
	775 :	0000001100000111;
	774 :	0000001100000110;
	773 :	0000001100000101;
	772 :	0000001100000100;
	771 :	0000001100000011;
	770 :	0000001100000010;
	769 :	0000001100000001;
	768 :	0000001100000000;
	767 :	0000001011111111;
	766 :	0000001011111110;
	765 :	0000001011111101;
	764 :	0000001011111100;
	763 :	0000001011111011;
	762 :	0000001011111010;
	761 :	0000001011111001;
	760 :	0000001011111000;
	759 :	0000001011110111;
	758 :	0000001011110110;
	757 :	0000001011110101;
	756 :	0000001011110100;
	755 :	0000001011110011;
	754 :	0000001011110010;
	753 :	0000001011110001;
	752 :	0000001011110000;
	751 :	0000001011101111;
	750 :	0000001011101110;
	749 :	0000001011101101;
	748 :	0000001011101100;
	747 :	0000001011101011;
	746 :	0000001011101010;
	745 :	0000001011101001;
	744 :	0000001011101000;
	743 :	0000001011100111;
	742 :	0000001011100110;
	741 :	0000001011100101;
	740 :	0000001011100100;
	739 :	0000001011100011;
	738 :	0000001011100010;
	737 :	0000001011100001;
	736 :	0000001011100000;
	735 :	0000001011011111;
	734 :	0000001011011110;
	733 :	0000001011011101;
	732 :	0000001011011100;
	731 :	0000001011011011;
	730 :	0000001011011010;
	729 :	0000001011011001;
	728 :	0000001011011000;
	727 :	0000001011010111;
	726 :	0000001011010110;
	725 :	0000001011010101;
	724 :	0000001011010100;
	723 :	0000001011010011;
	722 :	0000001011010010;
	721 :	0000001011010001;
	720 :	0000001011010000;
	719 :	0000001011001111;
	718 :	0000001011001110;
	717 :	0000001011001101;
	716 :	0000001011001100;
	715 :	0000001011001011;
	714 :	0000001011001010;
	713 :	0000001011001001;
	712 :	0000001011001000;
	711 :	0000001011000111;
	710 :	0000001011000110;
	709 :	0000001011000101;
	708 :	0000001011000100;
	707 :	0000001011000011;
	706 :	0000001011000010;
	705 :	0000001011000001;
	704 :	0000001011000000;
	703 :	0000001010111111;
	702 :	0000001010111110;
	701 :	0000001010111101;
	700 :	0000001010111100;
	699 :	0000001010111011;
	698 :	0000001010111010;
	697 :	0000001010111001;
	696 :	0000001010111000;
	695 :	0000001010110111;
	694 :	0000001010110110;
	693 :	0000001010110101;
	692 :	0000001010110100;
	691 :	0000001010110011;
	690 :	0000001010110010;
	689 :	0000001010110001;
	688 :	0000001010110000;
	687 :	0000001010101111;
	686 :	0000001010101110;
	685 :	0000001010101101;
	684 :	0000001010101100;
	683 :	0000001010101011;
	682 :	0000001010101010;
	681 :	0000001010101001;
	680 :	0000001010101000;
	679 :	0000001010100111;
	678 :	0000001010100110;
	677 :	0000001010100101;
	676 :	0000001010100100;
	675 :	0000001010100011;
	674 :	0000001010100010;
	673 :	0000001010100001;
	672 :	0000001010100000;
	671 :	0000001010011111;
	670 :	0000001010011110;
	669 :	0000001010011101;
	668 :	0000001010011100;
	667 :	0000001010011011;
	666 :	0000001010011010;
	665 :	0000001010011001;
	664 :	0000001010011000;
	663 :	0000001010010111;
	662 :	0000001010010110;
	661 :	0000001010010101;
	660 :	0000001010010100;
	659 :	0000001010010011;
	658 :	0000001010010010;
	657 :	0000001010010001;
	656 :	0000001010010000;
	655 :	0000001010001111;
	654 :	0000001010001110;
	653 :	0000001010001101;
	652 :	0000001010001100;
	651 :	0000001010001011;
	650 :	0000001010001010;
	649 :	0000001010001001;
	648 :	0000001010001000;
	647 :	0000001010000111;
	646 :	0000001010000110;
	645 :	0000001010000101;
	644 :	0000001010000100;
	643 :	0000001010000011;
	642 :	0000001010000010;
	641 :	0000001010000001;
	640 :	0000001010000000;
	639 :	0000001001111111;
	638 :	0000001001111110;
	637 :	0000001001111101;
	636 :	0000001001111100;
	635 :	0000001001111011;
	634 :	0000001001111010;
	633 :	0000001001111001;
	632 :	0000001001111000;
	631 :	0000001001110111;
	630 :	0000001001110110;
	629 :	0000001001110101;
	628 :	0000001001110100;
	627 :	0000001001110011;
	626 :	0000001001110010;
	625 :	0000001001110001;
	624 :	0000001001110000;
	623 :	0000001001101111;
	622 :	0000001001101110;
	621 :	0000001001101101;
	620 :	0000001001101100;
	619 :	0000001001101011;
	618 :	0000001001101010;
	617 :	0000001001101001;
	616 :	0000001001101000;
	615 :	0000001001100111;
	614 :	0000001001100110;
	613 :	0000001001100101;
	612 :	0000001001100100;
	611 :	0000001001100011;
	610 :	0000001001100010;
	609 :	0000001001100001;
	608 :	0000001001100000;
	607 :	0000001001011111;
	606 :	0000001001011110;
	605 :	0000001001011101;
	604 :	0000001001011100;
	603 :	0000001001011011;
	602 :	0000001001011010;
	601 :	0000001001011001;
	600 :	0000001001011000;
	599 :	0000001001010111;
	598 :	0000001001010110;
	597 :	0000001001010101;
	596 :	0000001001010100;
	595 :	0000001001010011;
	594 :	0000001001010010;
	593 :	0000001001010001;
	592 :	0000001001010000;
	591 :	0000001001001111;
	590 :	0000001001001110;
	589 :	0000001001001101;
	588 :	0000001001001100;
	587 :	0000001001001011;
	586 :	0000001001001010;
	585 :	0000001001001001;
	584 :	0000001001001000;
	583 :	0000001001000111;
	582 :	0000001001000110;
	581 :	0000001001000101;
	580 :	0000001001000100;
	579 :	0000001001000011;
	578 :	0000001001000010;
	577 :	0000001001000001;
	576 :	0000001001000000;
	575 :	0000001000111111;
	574 :	0000001000111110;
	573 :	0000001000111101;
	572 :	0000001000111100;
	571 :	0000001000111011;
	570 :	0000001000111010;
	569 :	0000001000111001;
	568 :	0000001000111000;
	567 :	0000001000110111;
	566 :	0000001000110110;
	565 :	0000001000110101;
	564 :	0000001000110100;
	563 :	0000001000110011;
	562 :	0000001000110010;
	561 :	0000001000110001;
	560 :	0000001000110000;
	559 :	0000001000101111;
	558 :	0000001000101110;
	557 :	0000001000101101;
	556 :	0000001000101100;
	555 :	0000001000101011;
	554 :	0000001000101010;
	553 :	0000001000101001;
	552 :	0000001000101000;
	551 :	0000001000100111;
	550 :	0000001000100110;
	549 :	0000001000100101;
	548 :	0000001000100100;
	547 :	0000001000100011;
	546 :	0000001000100010;
	545 :	0000001000100001;
	544 :	0000001000100000;
	543 :	0000001000011111;
	542 :	0000001000011110;
	541 :	0000001000011101;
	540 :	0000001000011100;
	539 :	0000001000011011;
	538 :	0000001000011010;
	537 :	0000001000011001;
	536 :	0000001000011000;
	535 :	0000001000010111;
	534 :	0000001000010110;
	533 :	0000001000010101;
	532 :	0000001000010100;
	531 :	0000001000010011;
	530 :	0000001000010010;
	529 :	0000001000010001;
	528 :	0000001000010000;
	527 :	0000001000001111;
	526 :	0000001000001110;
	525 :	0000001000001101;
	524 :	0000001000001100;
	523 :	0000001000001011;
	522 :	0000001000001010;
	521 :	0000001000001001;
	520 :	0000001000001000;
	519 :	0000001000000111;
	518 :	0000001000000110;
	517 :	0000001000000101;
	516 :	0000001000000100;
	515 :	0000001000000011;
	514 :	0000001000000010;
	513 :	0000001000000001;
	512 :	0000001000000000;
	511 :	0000000111111111;
	510 :	0000000111111110;
	509 :	0000000111111101;
	508 :	0000000111111100;
	507 :	0000000111111011;
	506 :	0000000111111010;
	505 :	0000000111111001;
	504 :	0000000111111000;
	503 :	0000000111110111;
	502 :	0000000111110110;
	501 :	0000000111110101;
	500 :	0000000111110100;
	499 :	0000000111110011;
	498 :	0000000111110010;
	497 :	0000000111110001;
	496 :	0000000111110000;
	495 :	0000000111101111;
	494 :	0000000111101110;
	493 :	0000000111101101;
	492 :	0000000111101100;
	491 :	0000000111101011;
	490 :	0000000111101010;
	489 :	0000000111101001;
	488 :	0000000111101000;
	487 :	0000000111100111;
	486 :	0000000111100110;
	485 :	0000000111100101;
	484 :	0000000111100100;
	483 :	0000000111100011;
	482 :	0000000111100010;
	481 :	0000000111100001;
	480 :	0000000111100000;
	479 :	0000000111011111;
	478 :	0000000111011110;
	477 :	0000000111011101;
	476 :	0000000111011100;
	475 :	0000000111011011;
	474 :	0000000111011010;
	473 :	0000000111011001;
	472 :	0000000111011000;
	471 :	0000000111010111;
	470 :	0000000111010110;
	469 :	0000000111010101;
	468 :	0000000111010100;
	467 :	0000000111010011;
	466 :	0000000111010010;
	465 :	0000000111010001;
	464 :	0000000111010000;
	463 :	0000000111001111;
	462 :	0000000111001110;
	461 :	0000000111001101;
	460 :	0000000111001100;
	459 :	0000000111001011;
	458 :	0000000111001010;
	457 :	0000000111001001;
	456 :	0000000111001000;
	455 :	0000000111000111;
	454 :	0000000111000110;
	453 :	0000000111000101;
	452 :	0000000111000100;
	451 :	0000000111000011;
	450 :	0000000111000010;
	449 :	0000000111000001;
	448 :	0000000111000000;
	447 :	0000000110111111;
	446 :	0000000110111110;
	445 :	0000000110111101;
	444 :	0000000110111100;
	443 :	0000000110111011;
	442 :	0000000110111010;
	441 :	0000000110111001;
	440 :	0000000110111000;
	439 :	0000000110110111;
	438 :	0000000110110110;
	437 :	0000000110110101;
	436 :	0000000110110100;
	435 :	0000000110110011;
	434 :	0000000110110010;
	433 :	0000000110110001;
	432 :	0000000110110000;
	431 :	0000000110101111;
	430 :	0000000110101110;
	429 :	0000000110101101;
	428 :	0000000110101100;
	427 :	0000000110101011;
	426 :	0000000110101010;
	425 :	0000000110101001;
	424 :	0000000110101000;
	423 :	0000000110100111;
	422 :	0000000110100110;
	421 :	0000000110100101;
	420 :	0000000110100100;
	419 :	0000000110100011;
	418 :	0000000110100010;
	417 :	0000000110100001;
	416 :	0000000110100000;
	415 :	0000000110011111;
	414 :	0000000110011110;
	413 :	0000000110011101;
	412 :	0000000110011100;
	411 :	0000000110011011;
	410 :	0000000110011010;
	409 :	0000000110011001;
	408 :	0000000110011000;
	407 :	0000000110010111;
	406 :	0000000110010110;
	405 :	0000000110010101;
	404 :	0000000110010100;
	403 :	0000000110010011;
	402 :	0000000110010010;
	401 :	0000000110010001;
	400 :	0000000110010000;
	399 :	0000000110001111;
	398 :	0000000110001110;
	397 :	0000000110001101;
	396 :	0000000110001100;
	395 :	0000000110001011;
	394 :	0000000110001010;
	393 :	0000000110001001;
	392 :	0000000110001000;
	391 :	0000000110000111;
	390 :	0000000110000110;
	389 :	0000000110000101;
	388 :	0000000110000100;
	387 :	0000000110000011;
	386 :	0000000110000010;
	385 :	0000000110000001;
	384 :	0000000110000000;
	383 :	0000000101111111;
	382 :	0000000101111110;
	381 :	0000000101111101;
	380 :	0000000101111100;
	379 :	0000000101111011;
	378 :	0000000101111010;
	377 :	0000000101111001;
	376 :	0000000101111000;
	375 :	0000000101110111;
	374 :	0000000101110110;
	373 :	0000000101110101;
	372 :	0000000101110100;
	371 :	0000000101110011;
	370 :	0000000101110010;
	369 :	0000000101110001;
	368 :	0000000101110000;
	367 :	0000000101101111;
	366 :	0000000101101110;
	365 :	0000000101101101;
	364 :	0000000101101100;
	363 :	0000000101101011;
	362 :	0000000101101010;
	361 :	0000000101101001;
	360 :	0000000101101000;
	359 :	0000000101100111;
	358 :	0000000101100110;
	357 :	0000000101100101;
	356 :	0000000101100100;
	355 :	0000000101100011;
	354 :	0000000101100010;
	353 :	0000000101100001;
	352 :	0000000101100000;
	351 :	0000000101011111;
	350 :	0000000101011110;
	349 :	0000000101011101;
	348 :	0000000101011100;
	347 :	0000000101011011;
	346 :	0000000101011010;
	345 :	0000000101011001;
	344 :	0000000101011000;
	343 :	0000000101010111;
	342 :	0000000101010110;
	341 :	0000000101010101;
	340 :	0000000101010100;
	339 :	0000000101010011;
	338 :	0000000101010010;
	337 :	0000000101010001;
	336 :	0000000101010000;
	335 :	0000000101001111;
	334 :	0000000101001110;
	333 :	0000000101001101;
	332 :	0000000101001100;
	331 :	0000000101001011;
	330 :	0000000101001010;
	329 :	0000000101001001;
	328 :	0000000101001000;
	327 :	0000000101000111;
	326 :	0000000101000110;
	325 :	0000000101000101;
	324 :	0000000101000100;
	323 :	0000000101000011;
	322 :	0000000101000010;
	321 :	0000000101000001;
	320 :	0000000101000000;
	319 :	0000000100111111;
	318 :	0000000100111110;
	317 :	0000000100111101;
	316 :	0000000100111100;
	315 :	0000000100111011;
	314 :	0000000100111010;
	313 :	0000000100111001;
	312 :	0000000100111000;
	311 :	0000000100110111;
	310 :	0000000100110110;
	309 :	0000000100110101;
	308 :	0000000100110100;
	307 :	0000000100110011;
	306 :	0000000100110010;
	305 :	0000000100110001;
	304 :	0000000100110000;
	303 :	0000000100101111;
	302 :	0000000100101110;
	301 :	0000000100101101;
	300 :	0000000100101100;
	299 :	0000000100101011;
	298 :	0000000100101010;
	297 :	0000000100101001;
	296 :	0000000100101000;
	295 :	0000000100100111;
	294 :	0000000100100110;
	293 :	0000000100100101;
	292 :	0000000100100100;
	291 :	0000000100100011;
	290 :	0000000100100010;
	289 :	0000000100100001;
	288 :	0000000100100000;
	287 :	0000000100011111;
	286 :	0000000100011110;
	285 :	0000000100011101;
	284 :	0000000100011100;
	283 :	0000000100011011;
	282 :	0000000100011010;
	281 :	0000000100011001;
	280 :	0000000100011000;
	279 :	0000000100010111;
	278 :	0000000100010110;
	277 :	0000000100010101;
	276 :	0000000100010100;
	275 :	0000000100010011;
	274 :	0000000100010010;
	273 :	0000000100010001;
	272 :	0000000100010000;
	271 :	0000000100001111;
	270 :	0000000100001110;
	269 :	0000000100001101;
	268 :	0000000100001100;
	267 :	0000000100001011;
	266 :	0000000100001010;
	265 :	0000000100001001;
	264 :	0000000100001000;
	263 :	0000000100000111;
	262 :	0000000100000110;
	261 :	0000000100000101;
	260 :	0000000100000100;
	259 :	0000000100000011;
	258 :	0000000100000010;
	257 :	0000000100000001;
	256 :	0000000100000000;
	255 :	0000000011111111;
	254 :	0000000011111110;
	253 :	0000000011111101;
	252 :	0000000011111100;
	251 :	0000000011111011;
	250 :	0000000011111010;
	249 :	0000000011111001;
	248 :	0000000011111000;
	247 :	0000000011110111;
	246 :	0000000011110110;
	245 :	0000000011110101;
	244 :	0000000011110100;
	243 :	0000000011110011;
	242 :	0000000011110010;
	241 :	0000000011110001;
	240 :	0000000011110000;
	239 :	0000000011101111;
	238 :	0000000011101110;
	237 :	0000000011101101;
	236 :	0000000011101100;
	235 :	0000000011101011;
	234 :	0000000011101010;
	233 :	0000000011101001;
	232 :	0000000011101000;
	231 :	0000000011100111;
	230 :	0000000011100110;
	229 :	0000000011100101;
	228 :	0000000011100100;
	227 :	0000000011100011;
	226 :	0000000011100010;
	225 :	0000000011100001;
	224 :	0000000011100000;
	223 :	0000000011011111;
	222 :	0000000011011110;
	221 :	0000000011011101;
	220 :	0000000011011100;
	219 :	0000000011011011;
	218 :	0000000011011010;
	217 :	0000000011011001;
	216 :	0000000011011000;
	215 :	0000000011010111;
	214 :	0000000011010110;
	213 :	0000000011010101;
	212 :	0000000011010100;
	211 :	0000000011010011;
	210 :	0000000011010010;
	209 :	0000000011010001;
	208 :	0000000011010000;
	207 :	0000000011001111;
	206 :	0000000011001110;
	205 :	0000000011001101;
	204 :	0000000011001100;
	203 :	0000000011001011;
	202 :	0000000011001010;
	201 :	0000000011001001;
	200 :	0000000011001000;
	199 :	0000000011000111;
	198 :	0000000011000110;
	197 :	0000000011000101;
	196 :	0000000011000100;
	195 :	0000000011000011;
	194 :	0000000011000010;
	193 :	0000000011000001;
	192 :	0000000011000000;
	191 :	0000000010111111;
	190 :	0000000010111110;
	189 :	0000000010111101;
	188 :	0000000010111100;
	187 :	0000000010111011;
	186 :	0000000010111010;
	185 :	0000000010111001;
	184 :	0000000010111000;
	183 :	0000000010110111;
	182 :	0000000010110110;
	181 :	0000000010110101;
	180 :	0000000010110100;
	179 :	0000000010110011;
	178 :	0000000010110010;
	177 :	0000000010110001;
	176 :	0000000010110000;
	175 :	0000000010101111;
	174 :	0000000010101110;
	173 :	0000000010101101;
	172 :	0000000010101100;
	171 :	0000000010101011;
	170 :	0000000010101010;
	169 :	0000000010101001;
	168 :	0000000010101000;
	167 :	0000000010100111;
	166 :	0000000010100110;
	165 :	0000000010100101;
	164 :	0000000010100100;
	163 :	0000000010100011;
	162 :	0000000010100010;
	161 :	0000000010100001;
	160 :	0000000010100000;
	159 :	0000000010011111;
	158 :	0000000010011110;
	157 :	0000000010011101;
	156 :	0000000010011100;
	155 :	0000000010011011;
	154 :	0000000010011010;
	153 :	0000000010011001;
	152 :	0000000010011000;
	151 :	0000000010010111;
	150 :	0000000010010110;
	149 :	0000000010010101;
	148 :	0000000010010100;
	147 :	0000000010010011;
	146 :	0000000010010010;
	145 :	0000000010010001;
	144 :	0000000010010000;
	143 :	0000000010001111;
	142 :	0000000010001110;
	141 :	0000000010001101;
	140 :	0000000010001100;
	139 :	0000000010001011;
	138 :	0000000010001010;
	137 :	0000000010001001;
	136 :	0000000010001000;
	135 :	0000000010000111;
	134 :	0000000010000110;
	133 :	0000000010000101;
	132 :	0000000010000100;
	131 :	0000000010000011;
	130 :	0000000010000010;
	129 :	0000000010000001;
	128 :	0000000010000000;
	127 :	0000000001111111;
	126 :	0000000001111110;
	125 :	0000000001111101;
	124 :	0000000001111100;
	123 :	0000000001111011;
	122 :	0000000001111010;
	121 :	0000000001111001;
	120 :	0000000001111000;
	119 :	0000000001110111;
	118 :	0000000001110110;
	117 :	0000000001110101;
	116 :	0000000001110100;
	115 :	0000000001110011;
	114 :	0000000001110010;
	113 :	0000000001110001;
	112 :	0000000001110000;
	111 :	0000000001101111;
	110 :	0000000001101110;
	109 :	0000000001101101;
	108 :	0000000001101100;
	107 :	0000000001101011;
	106 :	0000000001101010;
	105 :	0000000001101001;
	104 :	0000000001101000;
	103 :	0000000001100111;
	102 :	0000000001100110;
	101 :	0000000001100101;
	100 :	0000000001100100;
	99 :	0000000001100011;
	98 :	0000000001100010;
	97 :	0000000001100001;
	96 :	0000000001100000;
	95 :	0000000001011111;
	94 :	0000000001011110;
	93 :	0000000001011101;
	92 :	0000000001011100;
	91 :	0000000001011011;
	90 :	0000000001011010;
	89 :	0000000001011001;
	88 :	0000000001011000;
	87 :	0000000001010111;
	86 :	0000000001010110;
	85 :	0000000001010101;
	84 :	0000000001010100;
	83 :	0000000001010011;
	82 :	0000000001010010;
	81 :	0000000001010001;
	80 :	0000000001010000;
	79 :	0000000001001111;
	78 :	0000000001001110;
	77 :	0000000001001101;
	76 :	0000000001001100;
	75 :	0000000001001011;
	74 :	0000000001001010;
	73 :	0000000001001001;
	72 :	0000000001001000;
	71 :	0000000001000111;
	70 :	0000000001000110;
	69 :	0000000001000101;
	68 :	0000000001000100;
	67 :	0000000001000011;
	66 :	0000000001000010;
	65 :	0000000001000001;
	64 :	0000000001000000;
	63 :	0000000000111111;
	62 :	0000000000111110;
	61 :	0000000000111101;
	60 :	0000000000111100;
	59 :	0000000000111011;
	58 :	0000000000111010;
	57 :	0000000000111001;
	56 :	0000000000111000;
	55 :	0000000000110111;
	54 :	0000000000110110;
	53 :	0000000000110101;
	52 :	0000000000110100;
	51 :	0000000000110011;
	50 :	0000000000110010;
	49 :	0000000000110001;
	48 :	0000000000110000;
	47 :	0000000000101111;
	46 :	0000000000101110;
	45 :	0000000000101101;
	44 :	0000000000101100;
	43 :	0000000000101011;
	42 :	0000000000101010;
	41 :	0000000000101001;
	40 :	0000000000101000;
	39 :	0000000000100111;
	38 :	0000000000100110;
	37 :	0000000000100101;
	36 :	0000000000100100;
	35 :	0000000000100011;
	34 :	0000000000100010;
	33 :	0000000000100001;
	32 :	0000000000100000;
	31 :	0000000000011111;
	30 :	0000000000011110;
	29 :	0000000000011101;
	28 :	0000000000011100;
	27 :	0000000000011011;
	26 :	0000000000011010;
	25 :	0000000000011001;
	24 :	0000000000011000;
	23 :	0000000000010111;
	22 :	0000000000010110;
	21 :	0000000000010101;
	20 :	0000000000010100;
	19 :	0000000000010011;
	18 :	0000000000010010;
	17 :	0000000000010001;
	16 :	0000000000010000;
	15 :	0000000000001111;
	14 :	0000000000001110;
	13 :	0000000000001101;
	12 :	0000000000001100;
	11 :	0000000000001011;
	10 :	0000000000001010;
	9 :	0000000000001001;
	8 :	0000000000001000;
	7 :	0000000000000111;
	6 :	0000000000000110;
	5 :	0000000000000101;
	4 :	0000000000000100;
	3 :	0000000000000011;
	2 :	0000000000000010;
	1 :	0000000000000001;
	0 :	0000000000000000;
END;
